rank,team,elo
1,SEA,1180.403326135084
2,BUF,1152.2828371442906
3,SF,1116.7823774295682
4,MIN,1114.206986919554
5,JAX,1106.4004256380706
6,DEN,1099.5469212079984
7,NE,1075.5759568827764
8,CHI,1070.0516625693858
9,LA,1069.69234255181
10,KC,1045.2904891017254
11,BAL,1042.222932244695
12,DET,1038.0114217820067
13,PHI,1035.0054683727737
14,HOU,1024.5431569224181
15,CIN,1021.451962742022
16,PIT,1001.9623586600709
17,ATL,960.2482568157728
18,CLE,960.2275044069585
19,LV,957.0951525571033
20,GB,952.3737077180072
21,DAL,948.1119092931591
22,NYG,947.492845595846
23,IND,946.6684161606681
24,NO,944.4653419249867
25,WAS,943.4650495824137
26,CAR,935.7191263233142
27,LAC,926.8011823886043
28,TB,916.978906395129
29,ARI,913.594857945818
30,MIA,877.1184475858774
31,NYJ,875.480050297076
32,TEN,807.5643701679403
