as_of_date,week,gameday,gametime,away_team,home_team,away_rank,home_rank,away_elo,home_elo,p_away,p_home,elo_home_margin,model_home_spread
2026-09-27,3,2026-09-27,20:20,LA,DEN,6,7,1062.6511140317882,1059.3633286175307,0.4616335996636084,0.5383664003363916,1.0036892346430533,-1.0
2026-09-27,3,2026-09-28,20:15,PHI,CHI,9,12,1052.0562479229977,1030.5758954269672,0.48774169855563587,0.5122583014443641,0.3201186653858304,-0.5
2026-09-27,4,2026-10-01,20:15,PIT,CLE,15,21,1014.5141066985418,959.7104969802307,0.5356347455337126,0.4643652544662874,-0.9319749949839173,1.0
2026-09-27,4,2026-10-04,09:30,IND,WAS,23,25,955.4690589875885,949.4215900332387,0.4655840442930047,0.5344159557069953,0.8999964220789207,-1.0
2026-09-27,4,2026-10-04,13:00,TEN,BAL,32,11,846.3460093190583,1034.9518071900068,0.22125011331455824,0.7787498866854418,8.213930943439497,-8.0
2026-09-27,4,2026-10-04,13:00,NE,BUF,8,2,1054.5532829786207,1123.2284118345644,0.36169389375677474,0.6383061062432253,3.707635854819334,-3.5
2026-09-27,4,2026-10-04,13:00,NYJ,CHI,30,12,907.7661422898956,1030.5758954269672,0.2932516290113988,0.7067483709886012,5.7416993143654835,-5.5
2026-09-27,4,2026-10-04,13:00,JAX,CIN,5,14,1090.2761267010867,1020.0722290389689,0.557601191315639,0.442398808684361,-1.5106279992111347,1.5
2026-09-27,4,2026-10-04,13:00,DAL,HOU,22,16,958.1339848322368,1004.3421730107643,0.39205325675294245,0.6079467432470576,2.863459254601295,-3.0
2026-09-27,4,2026-10-04,13:00,ARI,NYG,27,19,931.6560218152806,962.524608493536,0.4132883956847092,0.5867116043152908,2.2870864929900145,-2.5
2026-09-27,4,2026-10-04,13:00,LA,PHI,6,9,1062.6511140317882,1052.0562479229977,0.47210276990286837,0.5278972300971316,0.7291317580912816,-0.5
2026-09-27,4,2026-10-04,13:00,GB,TB,26,29,949.3804053364006,924.2564761146159,0.49298323075348405,0.507016769246516,0.18321430189709897,-0.0
2026-09-27,4,2026-10-04,16:05,MIA,MIN,31,4,891.4381926009007,1098.313589640563,0.2036616053337572,0.7963383946662428,8.900395929261713,-9.0
2026-09-27,4,2026-10-04,16:25,KC,LV,10,17,1043.5488935014514,986.7992107648499,0.5384200034134354,0.4615799965865645,-1.0050970692326722,1.0
2026-09-27,4,2026-10-04,16:25,LAC,SEA,28,1,930.2166614016187,1144.7345321807593,0.19661950793907979,0.8033804920609202,9.187555520381904,-9.0
2026-09-27,4,2026-10-04,16:25,DEN,SF,7,3,1059.3633286175307,1106.6545545245492,0.39056829146455274,0.6094317085354473,2.9041534960057067,-3.0
2026-09-27,4,2026-10-04,20:20,DET,CAR,13,24,1024.3857298331939,953.9520686673022,0.5579274343410237,0.4420725656589764,-1.519261171669052,1.5
2026-09-27,4,2026-10-05,20:15,ATL,NO,18,20,967.8913469695738,961.690042041135,0.4658043898590013,0.5341956101409987,0.8942161633662548,-1.0
2026-09-27,5,2026-10-08,20:15,TB,DAL,29,22,924.2564761146159,958.1339848322368,0.409094844973916,0.590905155026084,2.400144234761948,-2.5
2026-09-27,5,2026-10-11,09:30,PHI,JAX,9,5,1052.0562479229977,1090.2761267010867,0.40306625130273877,0.5969337486972612,2.5633051763056844,-2.5
2026-09-27,5,2026-10-11,13:00,CIN,MIA,14,31,1020.0722290389689,891.4381926009007,0.6382514925211696,0.36174850747883036,-3.706091841412475,3.5
2026-09-27,5,2026-10-11,13:00,LV,NE,17,8,986.7992107648499,1054.5532829786207,0.36291887596279127,0.6370811240372087,3.6730279179416856,-3.5
2026-09-27,5,2026-10-11,13:00,MIN,NO,4,20,1098.313589640563,961.690042041135,0.64880133003688,0.35119866996312005,-4.006291074874661,4.0
2026-09-27,5,2026-10-11,13:00,CLE,NYJ,21,30,959.7104969802307,907.7661422898956,0.5315385372125676,0.4684614627874324,-0.824540866620395,1.0
2026-09-27,5,2026-10-11,13:00,IND,PIT,23,15,955.4690589875885,1014.5141066985418,0.37458785441692577,0.6254121455830742,3.3457935694131304,-3.5
2026-09-27,5,2026-10-11,13:00,HOU,TEN,16,32,1004.3421730107643,846.3460093190583,0.6762968349900271,0.3237031650099728,-4.809349339442063,5.0
2026-09-27,5,2026-10-11,13:00,NYG,WAS,19,25,962.524608493536,949.4215900332387,0.47570244212259605,0.524297557877404,0.6348900206280131,-0.5
2026-09-27,5,2026-10-11,16:05,DEN,LAC,7,28,1059.3633286175307,930.2166614016187,0.6389325464503076,0.3610674535496924,-3.725353516307197,3.5
2026-09-27,5,2026-10-11,16:25,DET,ARI,13,27,1024.3857298331939,931.6560218152806,0.5893069837596201,0.41069301624037996,-2.357016578606205,2.5
2026-09-27,5,2026-10-11,16:25,CHI,GB,12,26,1030.5758954269672,949.3804053364006,0.5731475857211491,0.4268524142788509,-1.923627938119477,2.0
2026-09-27,5,2026-10-11,16:25,SF,SEA,3,1,1106.6545545245492,1144.7345321807593,0.40326003326291826,0.5967399667370817,2.5580485080690045,-2.5
2026-09-27,5,2026-10-11,20:20,BAL,ATL,11,18,1034.9518071900068,967.8913469695738,0.5531329234649781,0.4468670765350219,-1.3925159531332725,1.5
2026-09-27,5,2026-10-12,20:15,BUF,LA,2,6,1123.2284118345644,1062.6511140317882,0.5438910079797694,0.45610899202023053,-1.148916520216256,1.0
2026-09-27,6,2026-10-15,20:15,SEA,DEN,1,7,1144.7345321807593,1059.3633286175307,0.5790177031088319,0.4209822968911681,-2.080526897058724,2.0
2026-09-27,6,2026-10-18,09:30,HOU,JAX,16,5,1004.3421730107643,1090.2761267010867,0.3390861073731366,0.6609138926268634,4.35612183613897,-4.5
2026-09-27,6,2026-10-18,13:00,CHI,ATL,12,18,1030.5758954269672,967.8913469695738,0.54689857922207,0.45310142077793003,-1.2280947100269481,1.0
2026-09-27,6,2026-10-18,13:00,BAL,CLE,11,21,1034.9518071900068,959.7104969802307,0.5647419717871359,0.4352580282128641,-1.699904583835424,1.5
2026-09-27,6,2026-10-18,13:00,TEN,IND,32,23,846.3460093190583,955.4690589875885,0.3098423028206636,0.6901576971793364,5.227432820846856,-5.0
2026-09-27,6,2026-10-18,13:00,NYJ,NE,30,8,907.7661422898956,1054.5532829786207,0.2654817802433068,0.7345182197566932,6.642629698973279,-6.5
2026-09-27,6,2026-10-18,13:00,NO,NYG,20,19,961.690042041135,962.524608493536,0.455741629564548,0.544258370435452,1.158583175641274,-1.0
2026-09-27,6,2026-10-18,13:00,CAR,PHI,24,9,953.9520686673022,1052.0562479229977,0.3235670585566336,0.6764329414433664,4.813407934374437,-5.0
2026-09-27,6,2026-10-18,13:00,PIT,TB,15,29,1014.5141066985418,924.2564761146159,0.5858585521240589,0.41414144787594115,-2.2641303261491936,2.5
2026-09-27,6,2026-10-18,16:05,ARI,LA,27,6,931.6560218152806,1062.6511140317882,0.28358204552353017,0.7164179544764698,6.049256618892301,-6.0
2026-09-27,6,2026-10-18,16:25,LAC,KC,28,10,930.2166614016187,1043.5488935014514,0.30468497284415264,0.6953150271558474,5.3855893480560235,-5.5
2026-09-27,6,2026-10-18,16:25,BUF,LV,2,17,1123.2284118345644,986.7992107648499,0.6485463716281907,0.35145362837180927,-3.998988665745032,4.0
2026-09-27,6,2026-10-18,20:20,DAL,GB,22,26,958.1339848322368,949.3804053364006,0.4694619999973765,0.5305380000026235,0.7983165703569435,-1.0
2026-09-27,6,2026-10-19,20:15,WAS,SF,25,3,949.4215900332387,1106.6545545245492,0.2539226510774353,0.7460773489225647,7.035122835923034,-7.0
2026-09-27,7,2026-10-22,20:15,NE,CHI,8,12,1054.5532829786207,1030.5758954269672,0.491333631989583,0.508666368010417,0.226294651064201,-0.0
2026-09-27,7,2026-10-25,09:30,PIT,NO,15,20,1014.5141066985418,961.690042041135,0.5327993004961697,0.46720069950383025,-0.8575952365875096,1.0
2026-09-27,7,2026-10-25,13:00,SF,ATL,3,18,1106.6545545245492,967.8913469695738,0.6516026604594676,0.3483973395405324,-4.086687017198596,4.0
2026-09-27,7,2026-10-25,13:00,CIN,BAL,14,11,1020.0722290389689,1034.9518071900068,0.4357699433229564,0.5642300566770436,1.6863128027415946,-1.5
2026-09-27,7,2026-10-25,13:00,TB,CAR,29,24,924.2564761146159,953.9520686673022,0.4149266530449547,0.5850733469550453,2.2430122148220937,-2.0
2026-09-27,7,2026-10-25,13:00,NYG,HOU,19,16,962.524608493536,1004.3421730107643,0.39809351956052763,0.6019064804394724,2.6984852241602852,-2.5
2026-09-27,7,2026-10-25,13:00,IND,MIN,23,4,955.4690589875885,1098.313589640563,0.2699309172752741,0.7300690827247259,6.494489407700283,-6.5
2026-09-27,7,2026-10-25,13:00,MIA,NYJ,31,30,891.4381926009007,907.7661422898956,0.4337210745467751,0.5662789254532249,1.7407341580262534,-1.5
2026-09-27,7,2026-10-25,13:00,CLE,TEN,21,32,959.7104969802307,846.3460093190583,0.6177206164431766,0.3822793835568234,-3.1323512525880886,3.0
2026-09-27,7,2026-10-25,16:05,DEN,ARI,7,27,1059.3633286175307,931.6560218152806,0.6370188795667184,0.36298112043328157,-3.6712707465193675,3.5
2026-09-27,7,2026-10-25,16:25,GB,DET,26,13,949.3804053364006,1024.3857298331939,0.3533241544798962,0.6466758455201038,3.9454876883882415,-4.0
2026-09-27,7,2026-10-25,16:25,LA,LV,6,17,1062.6511140317882,986.7992107648499,0.5656057557806429,0.43439424421935713,-1.722847109856779,1.5
2026-09-27,7,2026-10-25,20:20,KC,SEA,10,1,1043.5488935014514,1144.7345321807593,0.3196968640337402,0.6803031359662598,4.92919120799788,-5.0
2026-09-27,7,2026-10-26,20:15,DAL,PHI,22,9,958.1339848322368,1052.0562479229977,0.32885817726669153,0.6711418227333085,4.6562759144345796,-4.5
2026-09-27,8,2026-10-29,20:15,CAR,GB,24,26,953.9520686673022,949.3804053364006,0.4634708822947452,0.5365291177052548,0.9554485902967967,-1.0
2026-09-27,8,2026-11-01,13:00,BAL,BUF,11,2,1034.9518071900068,1123.2284118345644,0.3360705319065308,0.6639294680934692,4.444144996320802,-4.5
2026-09-27,8,2026-11-01,13:00,TEN,CIN,32,14,846.3460093190583,1020.0722290389689,0.23635964190041447,0.7636403580995855,7.654843176369904,-7.5
2026-09-27,8,2026-11-01,13:00,ARI,DAL,27,22,931.6560218152806,958.1339848322368,0.41943010801754643,0.5805698919824536,2.122112462549006,-2.0
2026-09-27,8,2026-11-01,13:00,MIN,DET,4,13,1098.313589640563,1024.3857298331939,0.5628825547669234,0.43711744523307666,-1.6505527779452016,1.5
2026-09-27,8,2026-11-01,13:00,IND,JAX,23,5,955.4690589875885,1090.2761267010867,0.2791451819193562,0.7208548180806438,6.192488426078167,-6.0
2026-09-27,8,2026-11-01,13:00,LV,NYJ,17,30,986.7992107648499,907.7661422898956,0.5700994781628727,0.42990052183712735,-1.842376745359594,2.0
2026-09-27,8,2026-11-01,13:00,CLE,PIT,21,15,959.7104969802307,1014.5141066985418,0.3803250418989155,0.6196749581010845,3.186425066327908,-3.0
2026-09-27,8,2026-11-01,13:00,ATL,TB,18,29,967.8913469695738,924.2564761146159,0.5196120892201842,0.4803879107798158,-0.5123189261954297,0.5
2026-09-27,8,2026-11-01,16:05,LAC,LA,28,6,930.2166614016187,1062.6511140317882,0.2819017336259294,0.7180982663740706,6.103339388680133,-6.0
2026-09-27,8,2026-11-01,16:25,KC,DEN,10,7,1043.5488935014514,1059.3633286175307,0.43444723764369186,0.5655527623563081,1.7214392752671575,-1.5
2026-09-27,8,2026-11-01,16:25,NE,MIA,8,31,1054.5532829786207,891.4381926009007,0.6827139136135973,0.3172860863864027,-5.001688749983544,5.0
2026-09-27,8,2026-11-01,20:20,PHI,WAS,9,25,1052.0562479229977,949.4215900332387,0.603032984066072,0.396967015933928,-2.729186827693562,2.5
2026-09-27,8,2026-11-02,20:15,CHI,SEA,12,1,1030.5758954269672,1144.7345321807593,0.3036780946203228,0.6963219053796772,5.41664081524065,-5.5
2026-09-27,9,2026-11-05,20:15,JAX,BAL,5,11,1090.2761267010867,1034.9518071900068,0.5363802207152988,0.46361977928470116,-0.9515402321415345,1.0
2026-09-27,9,2026-11-08,09:30,CIN,ATL,14,18,1020.0722290389689,967.8913469695738,0.5318775585461276,0.4681224414538724,-0.8334281860636746,1.0
2026-09-27,9,2026-11-08,13:00,DEN,CAR,7,24,1059.3633286175307,953.9520686673022,0.6068527872190816,0.39314721278091835,-2.8335153395822124,3.0
2026-09-27,9,2026-11-08,13:00,DAL,IND,22,23,958.1339848322368,955.4690589875885,0.46074263394512827,0.5392573660548717,1.0270926646620988,-1.0
2026-09-27,9,2026-11-08,13:00,NYJ,KC,30,10,907.7661422898956,1043.5488935014514,0.27801641809697963,0.7219835819030204,6.229148921608257,-6.0
2026-09-27,9,2026-11-08,13:00,DET,MIA,13,31,1024.3857298331939,891.4381926009007,0.6439646160354462,0.3560353839645538,-3.8681680443005266,4.0
2026-09-27,9,2026-11-08,13:00,CLE,NO,21,20,959.7104969802307,961.690042041135,0.454107266091074,0.545892733908926,1.2016047940684007,-1.0
2026-09-27,9,2026-11-08,13:00,NYG,PHI,19,9,962.524608493536,1052.0562479229977,0.3344604502085946,0.6655395497914054,4.491301883993574,-4.5
2026-09-27,9,2026-11-08,13:00,LA,WAS,6,25,1062.6511140317882,949.4215900332387,0.6175371379241094,0.38246286207589064,-3.127280105274275,3.0
2026-09-27,9,2026-11-08,16:05,HOU,LAC,16,28,1004.3421730107643,930.2166614016187,0.56316247950823,0.4368375204917701,-1.6579793799221432,1.5
2026-09-27,9,2026-11-08,16:05,LV,SF,17,3,986.7992107648499,1106.6545545245492,0.2967887576506911,0.7032112423493089,5.63068984050554,-5.5
2026-09-27,9,2026-11-08,16:25,GB,NE,26,8,949.3804053364006,1054.5532829786207,0.3147257210627834,0.6852742789372166,5.079008394071266,-5.0
2026-09-27,9,2026-11-08,16:25,ARI,SEA,27,1,931.6560218152806,1144.7345321807593,0.19793159818385575,0.8020684018161442,9.133472750594073,-9.0
2026-09-27,9,2026-11-08,20:20,TB,CHI,29,12,924.2564761146159,1030.5758954269672,0.3133040147313456,0.6866959852686544,5.122088743238369,-5.0
2026-09-27,9,2026-11-09,20:15,BUF,MIN,2,4,1123.2284118345644,1098.313589640563,0.4926823633929236,0.5073176366070764,0.19107132445883693,-0.0
2026-09-27,10,2026-11-12,20:15,WAS,NYG,25,19,949.4215900332387,962.524608493536,0.4382860587949817,0.5617139412050183,1.61956005071598,-1.5
2026-09-27,10,2026-11-15,09:30,NE,DET,8,13,1054.5532829786207,1024.3857298331939,0.5002411283406469,0.4997588716593531,-0.006295670011025029,0.0
2026-09-27,10,2026-11-15,13:00,KC,ATL,10,18,1043.5488935014514,967.8913469695738,0.5653308492810867,0.4346691507189133,-1.7155443172697198,1.5
2026-09-27,10,2026-11-15,13:00,HOU,CLE,16,21,1004.3421730107643,959.7104969802307,0.5210442350267375,0.4789557649732626,-0.5497730511819806,0.5
2026-09-27,10,2026-11-15,13:00,MIN,GB,4,26,1098.313589640563,949.3804053364006,0.664772270922824,0.335227729077176,-4.468815430661445,4.5
2026-09-27,10,2026-11-15,13:00,MIA,IND,31,23,891.4381926009007,955.4690589875885,0.36788866777080154,0.6321113322291985,3.5331315572334274,-3.5
2026-09-27,10,2026-11-15,13:00,CAR,NO,24,20,953.9520686673022,961.690042041135,0.44590326801814684,0.5540967319818532,1.4179729460835846,-1.5
2026-09-27,10,2026-11-15,13:00,BUF,NYJ,2,30,1123.2284118345644,907.7661422898956,0.744141499102277,0.25585850089772294,-6.968590446776623,7.0
2026-09-27,10,2026-11-15,13:00,JAX,TEN,5,32,1090.2761267010867,846.3460093190583,0.7740776347282405,0.2259223652717595,-8.03824613990904,8.0
2026-09-27,10,2026-11-15,16:05,LA,ARI,6,27,1062.6511140317882,931.6560218152806,0.6413836138412872,0.35861638615871283,-3.79480654754831,4.0
2026-09-27,10,2026-11-15,16:05,SEA,LV,1,17,1144.7345321807593,986.7992107648499,0.6762201567280113,0.3237798432719888,-4.8070632415585575,5.0
2026-09-27,10,2026-11-15,16:25,SF,DAL,3,22,1106.6545545245492,958.1339848322368,0.6642427502384931,0.3357572497615069,-4.453311779976071,4.5
2026-09-27,10,2026-11-15,20:20,PIT,CIN,15,14,1014.5141066985418,1020.0722290389689,0.449005669234087,0.550994330765913,1.336066857453906,-1.5
2026-09-27,10,2026-11-16,20:15,LAC,BAL,28,11,930.2166614016187,1034.9518071900068,0.3152694257611882,0.6847305742388118,5.062560983919576,-5.0
2026-09-27,11,2026-11-19,20:15,IND,HOU,23,16,955.4690589875885,1004.3421730107643,0.3884029921665416,0.6115970078334584,2.9635916256111954,-3.0
2026-09-27,11,2026-11-22,13:00,MIA,BUF,31,2,891.4381926009007,1123.2284118345644,0.18138595075340624,0.8186140492465938,9.836549640474871,-10.0
2026-09-27,11,2026-11-22,13:00,BAL,CAR,11,24,1034.9518071900068,953.9520686673022,0.5728718830914654,0.4271281169085346,-1.916272735850603,2.0
2026-09-27,11,2026-11-22,13:00,NO,CHI,20,12,961.690042041135,1030.5758954269672,0.36141388729188273,0.6385861127081173,3.715553653676683,-3.5
2026-09-27,11,2026-11-22,13:00,TEN,DAL,32,22,846.3460093190583,958.1339848322368,0.3065714851488597,0.6934285148511403,5.327565191856754,-5.5
2026-09-27,11,2026-11-22,13:00,TB,DET,29,13,924.2564761146159,1024.3857298331939,0.3210208819182512,0.6789791180817488,4.889498422163141,-5.0
2026-09-27,11,2026-11-22,13:00,ARI,KC,27,10,931.6560218152806,1043.5488935014514,0.30644313450238625,0.6935568654976138,5.331506578268193,-5.5
2026-09-27,11,2026-11-22,13:00,JAX,NYG,5,19,1090.2761267010867,962.524608493536,0.6370777247894648,0.3629222752105352,-3.6729319532832694,3.5
2026-09-27,11,2026-11-22,16:05,NYJ,LAC,30,28,907.7661422898956,930.2166614016187,0.42508587888938953,0.5749141211106105,1.970784609224229,-2.0
2026-09-27,11,2026-11-22,16:25,LV,DEN,17,7,986.7992107648499,1059.3633286175307,0.3565415846940412,0.6434584153059588,3.8537613801718273,-4.0
2026-09-27,11,2026-11-22,16:25,PIT,PHI,15,9,1014.5141066985418,1052.0562479229977,0.40400529010146113,0.5959947098985389,2.5378397517033444,-2.5
2026-09-27,11,2026-11-22,20:20,MIN,SF,4,3,1098.313589640563,1106.6545545245492,0.44504581336607485,0.5549541866339252,1.440629850301674,-1.5
2026-09-27,11,2026-11-23,20:15,CIN,WAS,14,25,1020.0722290389689,949.4215900332387,0.5582354770130703,0.4417645229869297,-1.5274139334441237,1.5
2026-09-27,12,2026-11-25,20:00,GB,LA,26,6,949.3804053364006,1062.6511140317882,0.30476000695579764,0.6952399930442024,5.383277657330348,-5.5
2026-09-27,12,2026-11-26,13:00,CHI,DET,12,13,1030.5758954269672,1024.3857298331939,0.46578843408454285,0.5342115659154572,0.8946347145967709,-1.0
2026-09-27,12,2026-11-26,16:30,PHI,DAL,9,22,1052.0562479229977,958.1339848322368,0.5909674313241069,0.40903256867589305,-2.4018258430905894,2.5
2026-09-27,12,2026-11-26,20:20,KC,BUF,10,2,1043.5488935014514,1123.2284118345644,0.34720085245336574,0.6527991475466343,4.121116632184355,-4.0
2026-09-27,12,2026-11-27,15:00,DEN,PIT,7,15,1059.3633286175307,1014.5141066985418,0.5213567458589303,0.4786432541410696,-0.5579471569111211,0.5
2026-09-27,12,2026-11-29,13:00,NO,CIN,20,14,961.690042041135,1020.0722290389689,0.37548219992368503,0.624517800076315,3.3208871297134106,-3.5
2026-09-27,12,2026-11-29,13:00,LV,CLE,17,21,986.7992107648499,959.7104969802307,0.4958104204040804,0.5041895795959196,0.10938915693279987,-0.0
2026-09-27,12,2026-11-29,13:00,BAL,HOU,11,16,1034.9518071900068,1004.3421730107643,0.5008773332079192,0.49912266679208084,-0.0229064969814462,0.0
2026-09-27,12,2026-11-29,13:00,NYG,IND,19,23,962.524608493536,955.4690589875885,0.4670281998077188,0.5329718001922812,0.8621186342210889,-1.0
2026-09-27,12,2026-11-29,13:00,NYJ,MIA,30,31,907.7661422898956,891.4381926009007,0.48033448778617716,0.5196655122138228,0.5137159133177351,-0.5
2026-09-27,12,2026-11-29,13:00,ATL,MIN,18,4,967.8913469695738,1098.313589640563,0.2842524719374183,0.7157475280625817,6.027732273912911,-6.0
2026-09-27,12,2026-11-29,16:05,TEN,JAX,32,5,846.3460093190583,1090.2761267010867,0.17123943439117373,0.8287605656088263,10.292696211253027,-10.5
2026-09-27,12,2026-11-29,16:25,WAS,ARI,25,27,949.4215900332387,931.6560218152806,0.48240051115770266,0.5175994888422973,0.45969859339796243,-0.5
2026-09-27,12,2026-11-29,16:25,SEA,SF,1,3,1144.7345321807593,1106.6545545245492,0.5116259267037362,0.48837407329626387,-0.3035984367250122,0.5
2026-09-27,12,2026-11-29,20:20,NE,LAC,8,28,1054.5532829786207,930.2166614016187,0.6325205348789951,0.36747946512100493,-3.5446200540770554,3.5
2026-09-27,12,2026-11-30,20:15,CAR,TB,24,29,953.9520686673022,924.2564761146159,0.4995619225806084,0.5004380774193916,0.01143785652189852,-0.0
2026-09-27,13,2026-12-03,20:15,KC,LA,10,6,1043.5488935014514,1062.6511140317882,0.4298029628502177,0.5701970371497823,1.8449750762961046,-2.0
2026-09-27,13,2026-12-06,13:00,DET,ATL,13,18,1024.3857298331939,967.8913469695738,0.5380547461119412,0.46194525388805885,-0.9955043889517217,1.0
2026-09-27,13,2026-12-06,13:00,JAX,CHI,5,12,1090.2761267010867,1030.5758954269672,0.5426382589527017,0.4573617410472983,-1.1159614752478626,1.0
2026-09-27,13,2026-12-06,13:00,CIN,CLE,14,21,1020.0722290389689,959.7104969802307,0.5435831576973942,0.45641684230260576,-1.1408168167658228,1.0
2026-09-27,13,2026-12-06,13:00,GB,NO,26,20,949.3804053364006,961.690042041135,0.43941074776260036,0.5605892522373996,1.589749391458782,-1.5
2026-09-27,13,2026-12-06,13:00,SF,NYG,3,19,1106.6545545245492,962.524608493536,0.6585827364270026,0.3414172635729974,-4.288337749535061,4.5
2026-09-27,13,2026-12-06,13:00,LAC,TB,28,29,930.2166614016187,924.2564761146159,0.46545903028804836,0.5345409697119516,0.903276033246881,-1.0
2026-09-27,13,2026-12-06,13:00,WAS,TEN,25,32,949.4215900332387,846.3460093190583,0.6036404192951981,0.3963595807048019,-2.7457541359097903,2.5
2026-09-27,13,2026-12-06,16:05,PHI,ARI,9,27,1052.0562479229977,931.6560218152806,0.6272379123087455,0.3727620876912545,-3.396713269967598,3.5
2026-09-27,13,2026-12-06,16:05,MIA,DEN,31,7,891.4381926009007,1059.3633286175307,0.24243996616612284,0.7575600338338772,7.436872283557681,-7.5
2026-09-27,13,2026-12-06,16:25,CAR,MIN,24,4,953.9520686673022,1098.313589640563,0.26821348079221274,0.7317865192077873,6.551489056630238,-6.5
2026-09-27,13,2026-12-06,16:25,BUF,NE,2,8,1123.2284118345644,1054.5532829786207,0.5554292276761155,0.4445707723238846,-1.4531857834753417,1.5
2026-09-27,13,2026-12-06,20:20,HOU,PIT,16,15,1004.3421730107643,1014.5141066985418,0.4424441985308778,0.5575558014691222,1.5094269794739335,-1.5
2026-09-27,13,2026-12-07,20:15,DAL,SEA,22,1,958.1339848322368,1144.7345321807593,0.2232453786498415,0.7767546213501585,8.138585323717072,-8.0
2026-09-27,14,2026-12-10,20:15,MIN,NE,4,8,1098.313589640563,1054.5532829786207,0.5197923255656642,0.4802076744343357,-0.5170320722621802,0.5
2026-09-27,14,2026-12-13,13:00,TB,BAL,29,11,924.2564761146159,1034.9518071900068,0.3079102221612411,0.6920897778387589,5.286509986344693,-5.5
2026-09-27,14,2026-12-13,13:00,NO,CAR,20,24,961.690042041135,953.9520686673022,0.46800614144626196,0.531993858553738,0.8364771252604087,-1.0
2026-09-27,14,2026-12-13,13:00,ATL,CLE,18,21,967.8913469695738,959.7104969802307,0.46864093397606765,0.5313590660239323,0.8198364049698457,-1.0
2026-09-27,14,2026-12-13,13:00,TEN,DET,32,13,846.3460093190583,1024.3857298331939,0.23190726582122512,0.7680927341787749,7.816919379257946,-8.0
2026-09-27,14,2026-12-13,13:00,CHI,MIA,12,31,1030.5758954269672,891.4381926009007,0.6520918955879509,0.3479081044120491,-4.100758365375751,4.0
2026-09-27,14,2026-12-13,13:00,DEN,NYJ,7,30,1059.3633286175307,907.7661422898956,0.6681810479083556,0.3318189520916444,-4.568913089859428,4.5
2026-09-27,14,2026-12-13,13:00,IND,PHI,23,9,955.4690589875885,1052.0562479229977,0.3254812899153795,0.6745187100846205,4.756408285444478,-5.0
2026-09-27,14,2026-12-13,13:00,HOU,WAS,16,25,1004.3421730107643,949.4215900332387,0.5358022245143521,0.4641977754856479,-0.9363701678602776,1.0
2026-09-27,14,2026-12-13,16:05,LAC,LV,28,17,930.2166614016187,986.7992107648499,0.3779145810721015,0.6220854189278985,3.253267243151356,-3.5
2026-09-27,14,2026-12-13,16:25,KC,CIN,10,14,1043.5488935014514,1020.0722290389689,0.4906132685172765,0.5093867314827235,0.24510890446595132,-0.0
2026-09-27,14,2026-12-13,16:25,NYG,SEA,19,1,962.524608493536,1144.7345321807593,0.227658780177458,0.772341219822542,7.973611293276061,-8.0
2026-09-27,14,2026-12-13,16:25,LA,SF,6,3,1062.6511140317882,1106.6545545245492,0.39508236472357094,0.604917635276429,2.7806176949767623,-3.0
2026-09-27,14,2026-12-13,20:20,BUF,GB,2,26,1123.2284118345644,949.3804053364006,0.6959436585080057,0.3040563414919943,-5.4049691418746075,5.5
2026-09-27,14,2026-12-14,20:15,PIT,JAX,15,5,1014.5141066985418,1090.2761267010867,0.35232953090262864,0.6476704690973714,3.9739198923370327,-4.0
2026-09-27,15,2026-12-17,20:15,SF,LAC,3,28,1106.6545545245492,930.2166614016187,0.6990891589235384,0.30091084107646165,-5.5022819766409095,5.5
2026-09-27,15,2026-12-19,17:00,SEA,PHI,1,9,1144.7345321807593,1052.0562479229977,0.5892353380958251,0.41076466190417493,-2.3550843736104925,2.5
2026-09-27,15,2026-12-19,20:20,CHI,BUF,12,2,1030.5758954269672,1123.2284118345644,0.33047341854187406,0.6695265814581259,4.608566239427127,-4.5
2026-09-27,15,2026-12-20,13:00,CIN,CAR,14,24,1020.0722290389689,953.9520686673022,0.5517946225001892,0.4482053774998108,-1.3571849687810043,1.5
2026-09-27,15,2026-12-20,13:00,MIA,GB,31,26,891.4381926009007,949.3804053364006,0.3760762921846862,0.6239237078153138,3.3043554629282705,-3.5
2026-09-27,15,2026-12-20,13:00,JAX,HOU,5,16,1090.2761267010867,1004.3421730107643,0.579807136407381,0.420192863592619,-2.10167176479498,2.0
2026-09-27,15,2026-12-20,13:00,CLE,NYG,21,19,959.7104969802307,962.524608493536,0.45291661144958617,0.5470833885504138,1.2329629340376793,-1.0
2026-09-27,15,2026-12-20,13:00,BAL,PIT,11,15,1034.9518071900068,1014.5141066985418,0.48624221842261917,0.5137577815773808,0.3592954468204899,-0.5
2026-09-27,15,2026-12-20,13:00,NO,TB,20,29,961.690042041135,924.2564761146159,0.5106961292395633,0.48930387076043663,-0.27931005388968677,0.5
2026-09-27,15,2026-12-20,13:00,IND,TEN,23,32,955.4690589875885,846.3460093190583,0.611938721238213,0.3880612787617869,-2.972982749502866,3.0
2026-09-27,15,2026-12-20,13:00,ATL,WAS,18,25,967.8913469695738,949.4215900332387,0.4834127354327662,0.5165872645672338,0.433239288291549,-0.5
2026-09-27,15,2026-12-20,16:05,NYJ,ARI,30,27,907.7661422898956,931.6560218152806,0.4230622403801423,0.5769377596198577,2.024867379012055,-2.0
2026-09-27,15,2026-12-20,16:25,DAL,LA,22,6,958.1339848322368,1062.6511140317882,0.3155404121353155,0.6844595878646845,5.05436919201529,-5.0
2026-09-27,15,2026-12-20,16:25,DEN,LV,7,17,1059.3633286175307,986.7992107648499,0.5609500701851171,0.43904992981488294,-1.5993113088278361,1.5
2026-09-27,15,2026-12-20,20:20,DET,MIN,13,4,1024.3857298331939,1098.313589640563,0.35474259978158484,0.6452574002184152,3.905002849289189,-4.0
2026-09-27,15,2026-12-21,20:15,NE,KC,8,10,1054.5532829786207,1043.5488935014514,0.47269032510936093,0.5273096748906391,0.7137442583069722,-0.5
2026-09-27,16,2026-12-24,20:15,HOU,PHI,16,9,1004.3421730107643,1052.0562479229977,0.3899890666522692,0.6100109333477308,2.92004169550528,-3.0
2026-09-27,16,2026-12-25,13:00,GB,CHI,26,12,949.3804053364006,1030.5758954269672,0.3452255859246236,0.6547744140753764,4.17807800946347,-4.0
2026-09-27,16,2026-12-25,16:30,BUF,DEN,2,7,1123.2284118345644,1059.3633286175307,0.5485820153108687,0.45141798468913125,-1.2724523212451986,1.5
2026-09-27,16,2026-12-25,20:15,LA,SEA,6,1,1062.6511140317882,1144.7345321807593,0.3440711129445405,0.6559288870554595,4.211441167373772,-4.0
2026-09-27,16,2026-12-27,13:00,TB,ATL,29,18,924.2564761146159,967.8913469695738,0.39558953718601486,0.6044104628139851,2.7667689975394216,-3.0
2026-09-27,16,2026-12-27,13:00,CLE,BAL,21,11,959.7104969802307,1034.9518071900068,0.3530138308944556,0.6469861691055444,3.9543546551794138,-4.0
2026-09-27,16,2026-12-27,13:00,CIN,IND,14,23,1020.0722290389689,955.4690589875885,0.5496339609338154,0.4503660390661846,-1.3001853198510476,1.5
2026-09-27,16,2026-12-27,13:00,LAC,MIA,28,31,930.2166614016187,891.4381926009007,0.5126305444837739,0.4873694555162261,-0.3298436602344951,0.5
2026-09-27,16,2026-12-27,13:00,WAS,MIN,25,4,949.4215900332387,1098.313589640563,0.263125763535741,0.736874236464259,6.721718021293355,-6.5
2026-09-27,16,2026-12-27,13:00,ARI,NO,27,20,931.6560218152806,961.690042041135,0.41445379465060306,0.5855462053493969,2.2557283530207344,-2.5
2026-09-27,16,2026-12-27,13:00,NE,NYJ,8,30,1054.5532829786207,907.7661422898956,0.6620136853528636,0.33798631464713635,-4.388179627629285,4.5
2026-09-27,16,2026-12-27,13:00,CAR,PIT,24,15,953.9520686673022,1014.5141066985418,0.37254432736723797,0.627455672632762,3.4027932183430885,-3.5
2026-09-27,16,2026-12-27,16:05,TEN,LV,32,17,846.3460093190583,986.7992107648499,0.2726522546329293,0.7273477453670707,6.40463720267128,-6.5
2026-09-27,16,2026-12-27,16:25,SF,KC,3,10,1106.6545545245492,1043.5488935014514,0.5474992085485475,0.45250079145145244,-1.2439176642568794,1.0
2026-09-27,16,2026-12-27,20:20,JAX,DAL,5,22,1090.2761267010867,958.1339848322368,0.6429009404807351,0.3570990595192649,-3.837905983724278,4.0
2026-09-27,16,2026-12-28,20:15,NYG,DET,19,13,962.524608493536,1024.3857298331939,0.3707979506156347,0.6292020493843653,3.4516051926321802,-3.5
2026-09-27,17,2026-12-31,20:15,BAL,CIN,11,14,1034.9518071900068,1020.0722290389689,0.4782536911942715,0.5217463088057285,0.5681372686023995,-0.5
2026-09-27,17,2027-01-03,13:00,NO,ATL,20,18,961.690042041135,967.8913469695738,0.44808985698877335,0.5519101430112267,1.3602339079777404,-1.5
2026-09-27,17,2027-01-03,13:00,SEA,CAR,1,24,1144.7345321807593,953.9520686673022,0.7161692189710919,0.28383078102890813,-6.0412672723129335,6.0
2026-09-27,17,2027-01-03,13:00,IND,CLE,23,21,955.4690589875885,959.7104969802307,0.4508815366352047,0.5491184633647953,1.2865935387572176,-1.5
2026-09-27,17,2027-01-03,13:00,NYG,DAL,19,22,962.524608493536,958.1339848322368,0.46321174577329716,0.5367882542267028,0.9622510052309877,-1.0
2026-09-27,17,2027-01-03,13:00,WAS,JAX,25,5,949.4215900332387,1090.2761267010867,0.27219433852176456,0.7278056614782354,6.419717039671241,-6.5
2026-09-27,17,2027-01-03,13:00,KC,LAC,10,28,1043.5488935014514,930.2166614016187,0.6176767691521905,0.38232323084780945,-3.131139276712031,3.0
2026-09-27,17,2027-01-03,13:00,BUF,MIA,2,31,1123.2284118345644,891.4381926009007,0.761622936133966,0.23837706386603397,-7.582099569130881,7.5
2026-09-27,17,2027-01-03,13:00,DEN,NE,7,8,1059.3633286175307,1054.5532829786207,0.4638121279815206,0.5361878720184794,0.9464915734418552,-1.0
2026-09-27,17,2027-01-03,13:00,MIN,NYJ,4,30,1098.313589640563,907.7661422898956,0.7158941411774702,0.2841058588225298,-6.032436735563461,6.0
2026-09-27,17,2027-01-03,13:00,LA,TB,6,29,1062.6511140317882,924.2564761146159,0.6511208541512343,0.3488791458487657,-4.072838319761255,4.0
2026-09-27,17,2027-01-03,13:00,PIT,TEN,15,32,1014.5141066985418,846.3460093190583,0.6889809598230616,0.31101904017693843,-5.191551283244003,5.0
2026-09-27,17,2027-01-03,16:05,LV,ARI,17,27,986.7992107648499,931.6560218152806,0.5361209230680244,0.4638790769319756,-0.9447344020195341,1.0
2026-09-27,17,2027-01-03,16:25,DET,CHI,13,12,1024.3857298331939,1030.5758954269672,0.4481057150424538,0.5518942849575462,1.359815356747222,-1.5
2026-09-27,17,2027-01-03,20:20,PHI,SF,9,3,1052.0562479229977,1106.6545545245492,0.38060361006538734,0.6193963899346127,3.1787109725574783,-3.0
2026-09-27,17,2027-01-04,20:15,HOU,GB,16,26,1004.3421730107643,949.3804053364006,0.5358611896700773,0.4641388103299226,-0.9379176485723563,1.0
2026-09-27,18,2027-01-10,13:00,SF,ARI,3,27,1106.6545545245492,931.6560218152806,0.6973432959316745,0.3026567040683255,-5.44819920685308,5.5
2026-09-27,18,2027-01-10,13:00,PIT,BAL,15,11,1014.5141066985418,1034.9518071900068,0.4279199599318195,0.5720800400681805,1.8951546245235031,-2.0
2026-09-27,18,2027-01-10,13:00,NYJ,BUF,30,2,907.7661422898956,1123.2284118345644,0.19576218935777545,0.8042378106422245,9.223040518120612,-9.0
2026-09-27,18,2027-01-10,13:00,ATL,CAR,18,24,967.8913469695738,953.9520686673022,0.4769032129191553,0.5230967870808447,0.6034682529546667,-0.5
2026-09-27,18,2027-01-10,13:00,CLE,CIN,21,14,959.7104969802307,1020.0722290389689,0.37281389912031127,0.6271861008796887,3.3952668881098167,-3.5
2026-09-27,18,2027-01-10,13:00,LAC,DEN,28,7,930.2166614016187,1059.3633286175307,0.28574875084844686,0.7142512491515531,5.979803587651189,-6.0
2026-09-27,18,2027-01-10,13:00,DET,GB,13,26,1024.3857298331939,949.3804053364006,0.5644080256727583,0.4355919743272417,-1.6910376170442514,1.5
2026-09-27,18,2027-01-10,13:00,TEN,HOU,32,16,846.3460093190583,1004.3421730107643,0.25309125313878644,0.7469087468612136,7.063799410786055,-7.0
2026-09-27,18,2027-01-10,13:00,JAX,IND,5,23,1090.2761267010867,955.4690589875885,0.6464150402406996,0.3535849597593004,-3.938038354734177,4.0
2026-09-27,18,2027-01-10,13:00,LV,KC,17,10,986.7992107648499,1043.5488935014514,0.37768842330632735,0.6223115766936727,3.259547140576663,-3.5
2026-09-27,18,2027-01-10,13:00,SEA,LA,1,6,1144.7345321807593,1062.6511140317882,0.5743975983405631,0.4256024016594369,-1.9569910960297805,2.0
2026-09-27,18,2027-01-10,13:00,CHI,MIN,12,4,1030.5758954269672,1098.313589640563,0.3629406744560708,0.6370593255439292,3.6724125282139664,-3.5
2026-09-27,18,2027-01-10,13:00,MIA,NE,31,8,891.4381926009007,1054.5532829786207,0.24756157616378438,0.7524384238362156,7.256138821327542,-7.5
2026-09-27,18,2027-01-10,13:00,TB,NO,29,20,924.2564761146159,961.690042041135,0.4041557920861959,0.5958442079138041,2.533760125233678,-2.5
2026-09-27,18,2027-01-10,13:00,PHI,NYG,9,19,1052.0562479229977,962.524608493536,0.5848442117197853,0.4151557882802147,-2.2368518126495807,2.0
2026-09-27,18,2027-01-10,13:00,DAL,WAS,22,25,958.1339848322368,949.4215900332387,0.4694029519738898,0.5305970480261102,0.7998640510690216,-1.0
