as_of_date,week,game_id,gameday,gametime,away_team,home_team,away_rank,home_rank,away_elo,home_elo,p_away,p_home,prediction_timestamp
2026-09-17,2,2026_02_DET_BUF,2026-09-17,20:15,DET,BUF,13,2,1043.8489922256804,1126.0340170471684,0.34264137464030386,0.6573586253596961,2026-09-17T15:01:31.414501-05:00
2026-09-17,2,2026_02_CAR_ATL,2026-09-20,13:00,CAR,ATL,29,19,899.990607730426,963.3280127149582,0.36747841690476324,0.6325215830952368,2026-09-17T15:01:31.414501-05:00
2026-09-17,2,2026_02_NO_BAL,2026-09-20,13:00,NO,BAL,23,8,940.282688788508,1065.5408409409051,0.28915444445378,0.71084555554622,2026-09-17T15:01:31.414501-05:00
2026-09-17,2,2026_02_MIN_CHI,2026-09-20,13:00,MIN,CHI,7,12,1079.3549661339907,1058.3401139558025,0.4856341721659063,0.5143658278340937,2026-09-17T15:01:31.414501-05:00
2026-09-17,2,2026_02_CIN_HOU,2026-09-20,13:00,CIN,HOU,17,6,994.6644098429233,1081.9520708645039,0.33605633098969345,0.6639436690103065,2026-09-17T15:01:31.414501-05:00
2026-09-17,2,2026_02_PIT_NE,2026-09-20,13:00,PIT,NE,14,4,1026.211933419031,1091.5298558153934,0.3648324695848476,0.6351675304151524,2026-09-17T15:01:31.414501-05:00
2026-09-17,2,2026_02_GB_NYJ,2026-09-20,13:00,GB,NYJ,16,30,996.5675237895045,891.2548994610609,0.6053429154770917,0.3946570845229083,2026-09-17T15:01:31.414501-05:00
2026-09-17,2,2026_02_CLE_TB,2026-09-20,13:00,CLE,TB,28,22,904.34634142227,953.0911120920173,0.38721173635011574,0.6127882636498843,2026-09-17T15:01:31.414501-05:00
2026-09-17,2,2026_02_PHI_TEN,2026-09-20,13:00,PHI,TEN,10,32,1060.9345708729809,826.2341787600042,0.7636135220191951,0.23638647798080487,2026-09-17T15:01:31.414501-05:00
2026-09-17,2,2026_02_JAX_DEN,2026-09-20,16:05,JAX,DEN,5,11,1088.1890506382279,1060.6919537597964,0.49495908798314836,0.5050409120168516,2026-09-17T15:01:31.414501-05:00
2026-09-17,2,2026_02_LV_LAC,2026-09-20,16:05,LV,LAC,31,18,885.8049152599895,975.5247593564176,0.33293964903287143,0.6670603509671286,2026-09-17T15:01:31.414501-05:00
2026-09-17,2,2026_02_SEA_ARI,2026-09-20,16:25,SEA,ARI,1,24,1190.3956470787593,936.6063246904647,0.7828713649593357,0.21712863504066432,2026-09-17T15:01:31.414501-05:00
2026-09-17,2,2026_02_WAS_DAL,2026-09-20,16:25,WAS,DAL,21,26,953.1826108453504,928.8896300428411,0.490349022294277,0.509650977705723,2026-09-17T15:01:31.414501-05:00
2026-09-17,2,2026_02_MIA_SF,2026-09-20,16:25,MIA,SF,27,3,912.1657729875014,1097.1829677108901,0.22382822834032157,0.7761717716596784,2026-09-17T15:01:31.414501-05:00
2026-09-20,2,2026_02_IND_KC,2026-09-20,20:20,IND,KC,24,15,932.9557192209533,1022.3720558711882,0.3333277836343189,0.6666722163656811,2026-09-20T18:52:17.358004-04:00
2026-09-21,2,2026_02_NYG_LA,2026-09-21,20:15,NYG,LA,20,9,956.7498783925924,1062.6829542098012,0.31254452005684374,0.6874554799431563,2026-09-21T14:12:51.926675-04:00
2026-09-24,3,2026_03_ATL_GB,2026-09-24,20:15,ATL,GB,29,17,912.5410101004016,1000.8689804588593,0.33472147614659364,0.6652785238534064,2026-09-24T13:10:05.154919-04:00
2026-09-27,3,2026_03_LAC_BUF,2026-09-27,13:00,LAC,BUF,23,2,935.3825322658165,1143.3612890513048,0.2017049455892833,0.7982950544107167,2026-09-27T12:58:02.093448-04:00
2026-09-27,3,2026_03_CAR_CLE,2026-09-27,13:00,CAR,CLE,21,26,950.7776103449825,927.0380435125686,0.48955291744144047,0.5104470825585595,2026-09-27T12:58:02.093448-04:00
2026-09-27,3,2026_03_NYJ_DET,2026-09-27,13:00,NYJ,DET,31,14,886.9534427917062,1026.521720221544,0.2725209058151,0.7274790941849,2026-09-27T12:58:02.093448-04:00
2026-09-27,3,2026_03_HOU_IND,2026-09-27,13:00,HOU,IND,10,24,1039.817577286636,930.5271531532549,0.6107999253077061,0.38920007469229395,2026-09-27T12:58:02.093448-04:00
2026-09-27,3,2026_03_NE_JAX,2026-09-27,13:00,NE,JAX,3,9,1113.9318005994367,1065.402796261539,0.5252048826920674,0.4747951173079325,2026-09-27T12:58:02.093448-04:00
2026-09-27,3,2026_03_KC_MIA,2026-09-27,13:00,KC,MIA,15,30,1024.8006219388867,897.9950701736948,0.6344837847959242,0.3655162152040759,2026-09-27T12:58:02.093448-04:00
2026-09-27,3,2026_03_TEN_NYG,2026-09-27,13:00,TEN,NYG,32,22,818.5129383845732,936.2928679392879,0.29808238745562843,0.7019176125443716,2026-09-27T12:58:02.093448-04:00
2026-09-27,3,2026_03_CIN_PIT,2026-09-27,13:00,CIN,PIT,11,16,1036.7989034207912,1003.8099886349879,0.5028622471949029,0.4971377528050971,2026-09-27T12:58:02.093448-04:00
2026-09-27,3,2026_03_SEA_WAS,2026-09-27,13:00,SEA,WAS,1,29,1204.46830802284,921.8508435621418,0.8097561614588482,0.1902438385411518,2026-09-27T12:58:02.093448-04:00
2026-09-27,3,2026_03_ARI_SF,2026-09-27,16:05,ARI,SF,28,4,922.533663746384,1111.3536705246968,0.22004817129777876,0.7799518287022212,2026-09-27T12:58:02.093448-04:00
2026-09-27,3,2026_03_MIN_TB,2026-09-27,16:05,MIN,TB,5,25,1101.6505259355224,930.3994100017187,0.6915445867661782,0.3084554132338218,2026-09-27T12:58:02.093448-04:00
2026-09-27,3,2026_03_BAL_DAL,2026-09-27,16:25,BAL,DAL,13,19,1030.2577616771243,960.2213973260497,0.5559426391149318,0.44405736088506814,2026-09-27T12:58:02.093448-04:00
2026-09-27,3,2026_03_LV_NO,2026-09-27,16:25,LV,NO,27,17,925.9471423505905,975.5657680522888,0.3860188287841505,0.6139811712158495,2026-09-27T12:58:02.093448-04:00
2026-09-27,3,2026_03_LA_DEN,2026-09-27,20:20,LA,DEN,7,6,1083.1399646631057,1083.4782081364854,0.4550225521926008,0.5449774478073992,2026-09-27T12:58:02.093448-04:00
2026-09-27,3,2026_03_PHI_CHI,2026-09-28,20:15,PHI,CHI,9,13,1068.655811248412,1036.0445541542708,0.5023187687304418,0.49768123126955827,2026-09-27T20:27:52.622843-04:00
2026-09-27,4,2026_04_PIT_CLE,2026-10-01,20:15,PIT,CLE,16,25,1019.2819424384705,942.0373808058682,0.5661610253236982,0.43383897467630184,2026-09-27T20:27:52.622843-04:00
2026-09-27,4,2026_04_IND_WAS,2026-10-04,09:30,IND,WAS,22,24,945.9558072055147,944.1246804809444,0.45812096424358895,0.541879035756411,2026-09-27T20:27:52.622843-04:00
2026-09-27,4,2026_04_TEN_BAL,2026-10-04,13:00,TEN,BAL,32,11,807.4200601194373,1043.670082494235,0.1767658352466428,0.8232341647533572,2026-09-27T20:27:52.622843-04:00
2026-09-27,4,2026_04_NE_BUF,2026-10-04,13:00,NE,BUF,8,2,1074.003331416858,1152.225774413047,0.34779744556294245,0.6522025544370575,2026-09-27T20:27:52.622843-04:00
2026-09-27,4,2026_04_NYJ_CHI,2026-10-04,13:00,NYJ,CHI,31,13,875.2916687854544,1036.0445541542708,0.2490251366603352,0.7509748633396648,2026-09-27T20:27:52.622843-04:00
2026-09-27,4,2026_04_JAX_CIN,2026-10-04,13:00,JAX,CIN,5,15,1105.3312654441177,1021.3269496173086,0.5756930210204385,0.4243069789795615,2026-09-27T20:27:52.622843-04:00
2026-09-27,4,2026_04_DAL_HOU,2026-10-04,13:00,DAL,HOU,21,14,946.8090765089391,1024.388923234376,0.34863699614480614,0.6513630038551939,2026-09-27T20:27:52.622843-04:00
2026-09-27,4,2026_04_ARI_NYG,2026-10-04,13:00,ARI,NYG,29,20,913.9013337606674,947.3857462044239,0.40825057967232314,0.5917494203276769,2026-09-27T20:27:52.622843-04:00
2026-09-27,4,2026_04_LA_PHI,2026-10-04,13:00,LA,PHI,7,9,1083.1399646631057,1068.655811248412,0.4762496730971726,0.5237503269028274,2026-09-27T20:27:52.622843-04:00
2026-09-27,4,2026_04_GB_TB,2026-10-04,13:00,GB,TB,19,28,952.6547327626538,917.028923776802,0.5066566809276885,0.4933433190723115,2026-09-27T20:27:52.622843-04:00
2026-09-27,4,2026_04_MIA_MIN,2026-10-04,16:05,MIA,MIN,30,4,876.9621871193999,1115.021012160439,0.17525573604198874,0.8247442639580113,2026-09-27T20:27:52.622843-04:00
2026-09-27,4,2026_04_KC_LV,2026-10-04,16:25,KC,LV,10,18,1045.8335049931816,956.9992396074011,0.5824698806825895,0.41753011931741046,2026-09-27T20:27:52.622843-04:00
2026-09-27,4,2026_04_LAC_SEA,2026-10-04,16:25,LAC,SEA,27,1,926.5180469040743,1182.1944711040373,0.16107622470231264,0.8389237752976874,2026-09-27T20:27:52.622843-04:00
2026-09-27,4,2026_04_DEN_SF,2026-10-04,16:25,DEN,SF,6,3,1083.4782081364854,1119.9860005104133,0.4040529009151941,0.5959470990848059,2026-09-27T20:27:52.622843-04:00
2026-09-27,4,2026_04_DET_CAR,2026-10-04,20:20,DET,CAR,12,26,1038.1834942277958,935.7782730516828,0.6013375834049408,0.39866241659505924,2026-09-27T20:27:52.622843-04:00
2026-09-27,4,2026_04_ATL_NO,2026-10-05,20:15,ATL,NO,17,23,960.7552577966071,944.5136707954782,0.47877370170910827,0.5212262982908917,2026-09-27T20:27:52.622843-04:00
2026-09-27,5,2026_05_TB_DAL,2026-10-08,20:15,TB,DAL,28,21,917.028923776802,946.8090765089391,0.41341184018700183,0.5865881598129982,2026-09-27T20:27:52.622843-04:00
2026-09-27,5,2026_05_PHI_JAX,2026-10-11,09:30,PHI,JAX,9,5,1068.655811248412,1105.3312654441177,0.40382052261590995,0.59617947738409,2026-09-27T20:27:52.622843-04:00
2026-09-27,5,2026_05_CIN_MIA,2026-10-11,13:00,CIN,MIA,15,30,1021.3269496173086,876.9621871193999,0.6575916309005985,0.3424083690994016,2026-09-27T20:27:52.622843-04:00
2026-09-27,5,2026_05_LV_NE,2026-10-11,13:00,LV,NE,18,8,956.9992396074011,1074.003331416858,0.29901766423134524,0.7009823357686548,2026-09-27T20:27:52.622843-04:00
2026-09-27,5,2026_05_MIN_NO,2026-10-11,13:00,MIN,NO,4,23,1115.021012160439,944.5136707954782,0.6906305466606345,0.3093694533393655,2026-09-27T20:27:52.622843-04:00
2026-09-27,5,2026_05_CLE_NYJ,2026-10-11,13:00,CLE,NYJ,25,31,942.0373808058682,875.2916687854544,0.5512614712067025,0.4487385287932974,2026-09-27T20:27:52.622843-04:00
2026-09-27,5,2026_05_IND_PIT,2026-10-11,13:00,IND,PIT,22,16,945.9558072055147,1019.2819424384705,0.35421798472714594,0.6457820152728541,2026-09-27T20:27:52.622843-04:00
2026-09-27,5,2026_05_HOU_TEN,2026-10-11,13:00,HOU,TEN,14,32,1024.388923234376,807.4200601194373,0.7446963309063634,0.25530366909363655,2026-09-27T20:27:52.622843-04:00
2026-09-27,5,2026_05_NYG_WAS,2026-10-11,13:00,NYG,WAS,20,24,947.3857462044239,944.1246804809444,0.46016506833600557,0.5398349316639944,2026-09-27T20:27:52.622843-04:00
2026-09-27,5,2026_05_DEN_LAC,2026-10-11,16:05,DEN,LAC,6,27,1083.4782081364854,926.5180469040743,0.673725778640726,0.32627422135927403,2026-09-27T20:27:52.622843-04:00
2026-09-27,5,2026_05_DET_ARI,2026-10-11,16:25,DET,ARI,12,29,1038.1834942277958,913.9013337606674,0.6311085107443848,0.3688914892556152,2026-09-27T20:27:52.622843-04:00
2026-09-27,5,2026_05_CHI_GB,2026-10-11,16:25,CHI,GB,13,19,1036.0445541542708,952.6547327626538,0.5748287287354049,0.4251712712645951,2026-09-27T20:27:52.622843-04:00
2026-09-27,5,2026_05_SF_SEA,2026-10-11,16:25,SF,SEA,3,1,1119.9860005104133,1182.1944711040373,0.36899025135848873,0.6310097486415113,2026-09-27T20:27:52.622843-04:00
2026-09-27,5,2026_05_BAL_ATL,2026-10-11,20:20,BAL,ATL,11,17,1043.670082494235,960.7552577966071,0.5741603274783018,0.42583967252169813,2026-09-27T20:27:52.622843-04:00
2026-09-27,5,2026_05_BUF_LA,2026-10-12,20:15,BUF,LA,2,7,1152.225774413047,1083.1399646631057,0.5545913953549652,0.44540860464503484,2026-09-27T20:27:52.622843-04:00
2026-09-27,6,2026_06_SEA_DEN,2026-10-15,20:15,SEA,DEN,1,6,1182.1944711040373,1083.4782081364854,0.5962360315779625,0.40376396842203754,2026-09-27T20:27:52.622843-04:00
2026-09-27,6,2026_06_HOU_JAX,2026-10-18,09:30,HOU,JAX,14,5,1024.388923234376,1105.3312654441177,0.34425441553043246,0.6557455844695675,2026-09-27T20:27:52.622843-04:00
2026-09-27,6,2026_06_CHI_ATL,2026-10-18,13:00,CHI,ATL,13,17,1036.0445541542708,960.7552577966071,0.5633944094971877,0.4366055905028124,2026-09-27T20:27:52.622843-04:00
2026-09-27,6,2026_06_BAL_CLE,2026-10-18,13:00,BAL,CLE,11,25,1043.670082494235,942.0373808058682,0.6002710270065725,0.39972897299342747,2026-09-27T20:27:52.622843-04:00
2026-09-27,6,2026_06_TEN_IND,2026-10-18,13:00,TEN,IND,32,22,807.4200601194373,945.9558072055147,0.2737008600863876,0.7262991399136124,2026-09-27T20:27:52.622843-04:00
2026-09-27,6,2026_06_NYJ_NE,2026-10-18,13:00,NYJ,NE,31,8,875.2916687854544,1074.003331416858,0.21043146412243463,0.7895685358775654,2026-09-27T20:27:52.622843-04:00
2026-09-27,6,2026_06_NO_NYG,2026-10-18,13:00,NO,NYG,23,20,944.5136707954782,947.3857462044239,0.4514080171348148,0.5485919828651852,2026-09-27T20:27:52.622843-04:00
2026-09-27,6,2026_06_CAR_PHI,2026-10-18,13:00,CAR,PHI,26,9,935.7782730516828,1068.655811248412,0.2802231584809448,0.7197768415190552,2026-09-27T20:27:52.622843-04:00
2026-09-27,6,2026_06_PIT_TB,2026-10-18,13:00,PIT,TB,16,28,1019.2819424384705,917.028923776802,0.6011275251752435,0.39887247482475646,2026-09-27T20:27:52.622843-04:00
2026-09-27,6,2026_06_ARI_LA,2026-10-18,16:05,ARI,LA,29,7,913.9013337606674,1083.1399646631057,0.24000242475092604,0.759997575249074,2026-09-27T20:27:52.622843-04:00
2026-09-27,6,2026_06_LAC_KC,2026-10-18,16:25,LAC,KC,27,10,926.5180469040743,1045.8335049931816,0.29623627230215155,0.7037637276978485,2026-09-27T20:27:52.622843-04:00
2026-09-27,6,2026_06_BUF_LV,2026-10-18,16:25,BUF,LV,2,18,1152.225774413047,956.9992396074011,0.7201818712845094,0.2798181287154906,2026-09-27T20:27:52.622843-04:00
2026-09-27,6,2026_06_DAL_GB,2026-10-18,20:20,DAL,GB,21,19,946.8090765089391,952.6547327626538,0.44717273353124387,0.5528272664687561,2026-09-27T20:27:52.622843-04:00
2026-09-27,6,2026_06_WAS_SF,2026-10-19,20:15,WAS,SF,24,3,944.1246804809444,1119.9860005104133,0.233117767718658,0.766882232281342,2026-09-27T20:27:52.622843-04:00
2026-09-27,7,2026_07_NE_CHI,2026-10-22,20:15,NE,CHI,8,13,1074.003331416858,1036.0445541542708,0.5100131465728568,0.4899868534271432,2026-09-27T20:27:52.622843-04:00
2026-09-27,7,2026_07_PIT_NO,2026-10-25,09:30,PIT,NO,16,23,1019.2819424384705,944.5136707954782,0.5626565084873282,0.4373434915126718,2026-09-27T20:27:52.622843-04:00
2026-09-27,7,2026_07_SF_ATL,2026-10-25,13:00,SF,ATL,3,17,1119.9860005104133,960.7552577966071,0.6765923814263684,0.3234076185736317,2026-09-27T20:27:52.622843-04:00
2026-09-27,7,2026_07_CIN_BAL,2026-10-25,13:00,CIN,BAL,15,11,1021.3269496173086,1043.670082494235,0.42383062714082564,0.5761693728591744,2026-09-27T20:27:52.622843-04:00
2026-09-27,7,2026_07_TB_CAR,2026-10-25,13:00,TB,CAR,28,26,917.028923776802,935.7782730516828,0.42889026569663014,0.5711097343033699,2026-09-27T20:27:52.622843-04:00
2026-09-27,7,2026_07_NYG_HOU,2026-10-25,13:00,NYG,HOU,20,14,947.3857462044239,1024.388923234376,0.3493912147781738,0.6506087852218262,2026-09-27T20:27:52.622843-04:00
2026-09-27,7,2026_07_IND_MIN,2026-10-25,13:00,IND,MIN,22,4,945.9558072055147,1115.021012160439,0.24018456684016443,0.7598154331598356,2026-09-27T20:27:52.622843-04:00
2026-09-27,7,2026_07_MIA_NYJ,2026-10-25,13:00,MIA,NYJ,30,31,876.9621871193999,875.2916687854544,0.4578914605934298,0.5421085394065702,2026-09-27T20:27:52.622843-04:00
2026-09-27,7,2026_07_CLE_TEN,2026-10-25,13:00,CLE,TEN,25,32,942.0373808058682,807.4200601194373,0.6448481103215833,0.35515188967841677,2026-09-27T20:27:52.622843-04:00
2026-09-27,7,2026_07_DEN_ARI,2026-10-25,16:05,DEN,ARI,6,29,1083.4782081364854,913.9013337606674,0.6894849743539848,0.31051502564601524,2026-09-27T20:27:52.622843-04:00
2026-09-27,7,2026_07_GB_DET,2026-10-25,16:25,GB,DET,19,12,952.6547327626538,1038.1834942277958,0.3383191917739756,0.6616808082260244,2026-09-27T20:27:52.622843-04:00
2026-09-27,7,2026_07_LA_LV,2026-10-25,16:25,LA,LV,7,18,1083.1399646631057,956.9992396074011,0.6335957819039204,0.3664042180960796,2026-09-27T20:27:52.622843-04:00
2026-09-27,7,2026_07_KC_SEA,2026-10-25,20:20,KC,SEA,10,1,1045.8335049931816,1182.1944711040373,0.2761965426812074,0.7238034573187926,2026-09-27T20:27:52.622843-04:00
2026-09-27,7,2026_07_DAL_PHI,2026-10-26,20:15,DAL,PHI,21,9,946.8090765089391,1068.655811248412,0.2932075098188107,0.7067924901811893,2026-09-27T20:27:52.622843-04:00
2026-09-27,8,2026_08_CAR_GB,2026-10-29,20:15,CAR,GB,26,19,935.7782730516828,952.6547327626538,0.4315330546848154,0.5684669453151846,2026-09-27T20:27:52.622843-04:00
2026-09-27,8,2026_08_BAL_BUF,2026-11-01,13:00,BAL,BUF,11,2,1043.670082494235,1152.225774413047,0.30930998890133354,0.6906900110986665,2026-09-27T20:27:52.622843-04:00
2026-09-27,8,2026_08_TEN_CIN,2026-11-01,13:00,TEN,CIN,32,15,807.4200601194373,1021.3269496173086,0.19626601645938457,0.8037339835406154,2026-09-27T20:27:52.622843-04:00
2026-09-27,8,2026_08_ARI_DAL,2026-11-01,13:00,ARI,DAL,29,21,913.9013337606674,946.8090765089391,0.4090527736033819,0.5909472263966181,2026-09-27T20:27:52.622843-04:00
2026-09-27,8,2026_08_MIN_DET,2026-11-01,13:00,MIN,DET,4,12,1115.021012160439,1038.1834942277958,0.565585409927859,0.43441459007214095,2026-09-27T20:27:52.622843-04:00
2026-09-27,8,2026_08_IND_JAX,2026-11-01,13:00,IND,JAX,22,5,945.9558072055147,1105.3312654441177,0.2505109209019619,0.7494890790980381,2026-09-27T20:27:52.622843-04:00
2026-09-27,8,2026_08_LV_NYJ,2026-11-01,13:00,LV,NYJ,18,31,956.9992396074011,875.2916687854544,0.5724603007851048,0.4275396992148952,2026-09-27T20:27:52.622843-04:00
2026-09-27,8,2026_08_CLE_PIT,2026-11-01,13:00,CLE,PIT,25,16,942.0373808058682,1019.2819424384705,0.3490754190736063,0.6509245809263937,2026-09-27T20:27:52.622843-04:00
2026-09-27,8,2026_08_ATL_TB,2026-11-01,13:00,ATL,TB,17,28,960.7552577966071,917.028923776802,0.5183064802912045,0.4816935197087954,2026-09-27T20:27:52.622843-04:00
2026-09-27,8,2026_08_LAC_LA,2026-11-01,16:05,LAC,LA,27,7,926.5180469040743,1083.1399646631057,0.253498716321259,0.746501283678741,2026-09-27T20:27:52.622843-04:00
2026-09-27,8,2026_08_KC_DEN,2026-11-01,16:25,KC,DEN,10,6,1045.8335049931816,1083.4782081364854,0.4024779977886688,0.5975220022113312,2026-09-27T20:27:52.622843-04:00
2026-09-27,8,2026_08_NE_MIA,2026-11-01,16:25,NE,MIA,8,30,1074.003331416858,876.9621871193999,0.7222820451761626,0.27771795482383743,2026-09-27T20:27:52.622843-04:00
2026-09-27,8,2026_08_PHI_WAS,2026-11-01,20:20,PHI,WAS,9,24,1068.655811248412,944.1246804809444,0.6314421093610891,0.3685578906389108,2026-09-27T20:27:52.622843-04:00
2026-09-27,8,2026_08_CHI_SEA,2026-11-02,20:15,CHI,SEA,13,1,1036.0445541542708,1182.1944711040373,0.265074757148445,0.734925242851555,2026-09-27T20:27:52.622843-04:00
2026-09-27,9,2026_09_JAX_BAL,2026-11-05,20:15,JAX,BAL,5,11,1105.3312654441177,1043.670082494235,0.5440107956361344,0.45598920436386564,2026-09-27T20:27:52.622843-04:00
2026-09-27,9,2026_09_CIN_ATL,2026-11-08,09:30,CIN,ATL,15,17,1021.3269496173086,960.7552577966071,0.5424546152369615,0.4575453847630385,2026-09-27T20:27:52.622843-04:00
2026-09-27,9,2026_09_DEN_CAR,2026-11-08,13:00,DEN,CAR,6,26,1083.4782081364854,935.7782730516828,0.6619013538710039,0.33809864612899604,2026-09-27T20:27:52.622843-04:00
2026-09-27,9,2026_09_DAL_IND,2026-11-08,13:00,DAL,IND,21,22,946.8090765089391,945.9558072055147,0.4567239197587766,0.5432760802412234,2026-09-27T20:27:52.622843-04:00
2026-09-27,9,2026_09_NYJ_KC,2026-11-08,13:00,NYJ,KC,31,10,875.2916687854544,1045.8335049931816,0.23863674745490038,0.7613632525450996,2026-09-27T20:27:52.622843-04:00
2026-09-27,9,2026_09_DET_MIA,2026-11-08,13:00,DET,MIA,12,30,1038.1834942277958,876.9621871193999,0.6790946079769375,0.32090539202306245,2026-09-27T20:27:52.622843-04:00
2026-09-27,9,2026_09_CLE_NO,2026-11-08,13:00,CLE,NO,25,23,942.0373808058682,944.5136707954782,0.45197228082859453,0.5480277191714055,2026-09-27T20:27:52.622843-04:00
2026-09-27,9,2026_09_NYG_PHI,2026-11-08,13:00,NYG,PHI,20,9,947.3857462044239,1068.655811248412,0.2938959206162459,0.7061040793837541,2026-09-27T20:27:52.622843-04:00
2026-09-27,9,2026_09_LA_WAS,2026-11-08,13:00,LA,WAS,7,24,1083.1399646631057,944.1246804809444,0.6506246277703123,0.34937537222968773,2026-09-27T20:27:52.622843-04:00
2026-09-27,9,2026_09_HOU_LAC,2026-11-08,16:05,HOU,LAC,14,27,1024.388923234376,926.5180469040743,0.5950639456931479,0.40493605430685214,2026-09-27T20:27:52.622843-04:00
2026-09-27,9,2026_09_LV_SF,2026-11-08,16:05,LV,SF,18,3,956.9992396074011,1119.9860005104133,0.24662808203098352,0.7533719179690165,2026-09-27T20:27:52.622843-04:00
2026-09-27,9,2026_09_GB_NE,2026-11-08,16:25,GB,NE,19,8,952.6547327626538,1074.003331416858,0.2938021140870165,0.7061978859129835,2026-09-27T20:27:52.622843-04:00
2026-09-27,9,2026_09_ARI_SEA,2026-11-08,16:25,ARI,SEA,29,1,913.9013337606674,1182.1944711040373,0.15150188561477806,0.8484981143852219,2026-09-27T20:27:52.622843-04:00
2026-09-27,9,2026_09_TB_CHI,2026-11-08,20:20,TB,CHI,28,13,917.028923776802,1036.0445541542708,0.2965962248359344,0.7034037751640656,2026-09-27T20:27:52.622843-04:00
2026-09-27,9,2026_09_BUF_MIN,2026-11-09,20:15,BUF,MIN,2,4,1152.225774413047,1115.021012160439,0.5089284214936439,0.4910715785063561,2026-09-27T20:27:52.622843-04:00
2026-09-27,10,2026_10_WAS_NYG,2026-11-12,20:15,WAS,NYG,24,20,944.1246804809444,947.3857462044239,0.450853562808608,0.549146437191392,2026-09-27T20:27:52.622843-04:00
2026-09-27,10,2026_10_NE_DET,2026-11-15,09:30,NE,DET,8,12,1074.003331416858,1038.1834942277958,0.5069358583610839,0.49306414163891604,2026-09-27T20:27:52.622843-04:00
2026-09-27,10,2026_10_KC_ATL,2026-11-15,13:00,KC,ATL,10,17,1045.8335049931816,960.7552577966071,0.5772024017734807,0.42279759822651936,2026-09-27T20:27:52.622843-04:00
2026-09-27,10,2026_10_HOU_CLE,2026-11-15,13:00,HOU,CLE,14,25,1024.388923234376,942.0373808058682,0.57336734216622,0.42663265783377996,2026-09-27T20:27:52.622843-04:00
2026-09-27,10,2026_10_MIN_GB,2026-11-15,13:00,MIN,GB,4,19,1115.021012160439,952.6547327626538,0.6805292516786305,0.3194707483213694,2026-09-27T20:27:52.622843-04:00
2026-09-27,10,2026_10_MIA_IND,2026-11-15,13:00,MIA,IND,30,22,876.9621871193999,945.9558072055147,0.3599434611817691,0.6400565388182309,2026-09-27T20:27:52.622843-04:00
2026-09-27,10,2026_10_CAR_NO,2026-11-15,13:00,CAR,NO,26,23,935.7782730516828,944.5136707954782,0.4430641891796925,0.5569358108203075,2026-09-27T20:27:52.622843-04:00
2026-09-27,10,2026_10_BUF_NYJ,2026-11-15,13:00,BUF,NYJ,2,31,1152.225774413047,875.2916687854544,0.8046650794150835,0.19533492058491653,2026-09-27T20:27:52.622843-04:00
2026-09-27,10,2026_10_JAX_TEN,2026-11-15,13:00,JAX,TEN,5,32,1105.3312654441177,807.4200601194373,0.8229501660145735,0.17704983398542656,2026-09-27T20:27:52.622843-04:00
2026-09-27,10,2026_10_LA_ARI,2026-11-15,16:05,LA,ARI,7,29,1083.1399646631057,913.9013337606674,0.6890679583986701,0.31093204160132987,2026-09-27T20:27:52.622843-04:00
2026-09-27,10,2026_10_SEA_LV,2026-11-15,16:05,SEA,LV,1,18,1182.1944711040373,956.9992396074011,0.7535948232564165,0.24640517674358348,2026-09-27T20:27:52.622843-04:00
2026-09-27,10,2026_10_SF_DAL,2026-11-15,16:25,SF,DAL,3,21,1119.9860005104133,946.8090765089391,0.6939042804261913,0.30609571957380866,2026-09-27T20:27:52.622843-04:00
2026-09-27,10,2026_10_PIT_CIN,2026-11-15,20:20,PIT,CIN,16,15,1019.2819424384705,1021.3269496173086,0.45258729303663603,0.547412706963364,2026-09-27T20:27:52.622843-04:00
2026-09-27,10,2026_10_LAC_BAL,2026-11-16,20:15,LAC,BAL,27,11,926.5180469040743,1043.670082494235,0.2988391873477535,0.7011608126522465,2026-09-27T20:27:52.622843-04:00
2026-09-27,11,2026_11_IND_HOU,2026-11-19,20:15,IND,HOU,22,14,945.9558072055147,1024.388923234376,0.3475224071713918,0.6524775928286082,2026-09-27T20:27:52.622843-04:00
2026-09-27,11,2026_11_MIA_BUF,2026-11-22,13:00,MIA,BUF,30,2,876.9621871193999,1152.225774413047,0.14641564305259436,0.8535843569474056,2026-09-27T20:27:52.622843-04:00
2026-09-27,11,2026_11_BAL_CAR,2026-11-22,13:00,BAL,CAR,11,26,1043.670082494235,935.7782730516828,0.6088842984639566,0.3911157015360433,2026-09-27T20:27:52.622843-04:00
2026-09-27,11,2026_11_NO_CHI,2026-11-22,13:00,NO,CHI,23,13,944.5136707954782,1036.0445541542708,0.33062835841017146,0.6693716415898285,2026-09-27T20:27:52.622843-04:00
2026-09-27,11,2026_11_TEN_DAL,2026-11-22,13:00,TEN,DAL,32,21,807.4200601194373,946.8090765089391,0.27272553325452753,0.7272744667454725,2026-09-27T20:27:52.622843-04:00
2026-09-27,11,2026_11_TB_DET,2026-11-22,13:00,TB,DET,28,12,917.028923776802,1038.1834942277958,0.2940339079192873,0.7059660920807127,2026-09-27T20:27:52.622843-04:00
2026-09-27,11,2026_11_ARI_KC,2026-11-22,13:00,ARI,KC,29,10,913.9013337606674,1045.8335049931816,0.28132210529566504,0.718677894704335,2026-09-27T20:27:52.622843-04:00
2026-09-27,11,2026_11_JAX_NYG,2026-11-22,13:00,JAX,NYG,5,20,1105.3312654441177,947.3857462044239,0.6749714020650106,0.32502859793498945,2026-09-27T20:27:52.622843-04:00
2026-09-27,11,2026_11_NYJ_LAC,2026-11-22,16:05,NYJ,LAC,31,27,875.2916687854544,926.5180469040743,0.3838276519829975,0.6161723480170025,2026-09-27T20:27:52.622843-04:00
2026-09-27,11,2026_11_LV_DEN,2026-11-22,16:25,LV,DEN,18,6,956.9992396074011,1083.4782081364854,0.28771210876206477,0.7122878912379352,2026-09-27T20:27:52.622843-04:00
2026-09-27,11,2026_11_PIT_PHI,2026-11-22,16:25,PIT,PHI,16,9,1019.2819424384705,1068.655811248412,0.38635281138799504,0.613647188612005,2026-09-27T20:27:52.622843-04:00
2026-09-27,11,2026_11_MIN_SF,2026-11-22,20:20,MIN,SF,4,3,1115.021012160439,1119.9860005104133,0.448426301911268,0.551573698088732,2026-09-27T20:27:52.622843-04:00
2026-09-27,11,2026_11_CIN_WAS,2026-11-23,20:15,CIN,WAS,15,24,1021.3269496173086,944.1246804809444,0.5661012262379737,0.4338987737620264,2026-09-27T20:27:52.622843-04:00
2026-09-27,12,2026_12_GB_LA,2026-11-25,20:00,GB,LA,19,7,952.6547327626538,1083.1399646631057,0.28300917647111223,0.7169908235288878,2026-09-27T20:27:52.622843-04:00
2026-09-27,12,2026_12_CHI_DET,2026-11-26,13:00,CHI,DET,13,12,1036.0445541542708,1038.1834942277958,0.452453331694601,0.547546668305399,2026-09-27T20:27:52.622843-04:00
2026-09-27,12,2026_12_PHI_DAL,2026-11-26,16:30,PHI,DAL,9,21,1068.655811248412,946.8090765089391,0.627838681073202,0.37216131892679805,2026-09-27T20:27:52.622843-04:00
2026-09-27,12,2026_12_KC_BUF,2026-11-26,20:20,KC,BUF,10,2,1045.8335049931816,1152.225774413047,0.311976854429759,0.688023145570241,2026-09-27T20:27:52.622843-04:00
2026-09-27,12,2026_12_DEN_PIT,2026-11-27,15:00,DEN,PIT,6,16,1083.4782081364854,1019.2819424384705,0.547628419217188,0.45237158078281203,2026-09-27T20:27:52.622843-04:00
2026-09-27,12,2026_12_NO_CIN,2026-11-29,13:00,NO,CIN,23,15,944.5136707954782,1021.3269496173086,0.3496397454144182,0.6503602545855818,2026-09-27T20:27:52.622843-04:00
2026-09-27,12,2026_12_LV_CLE,2026-11-29,13:00,LV,CLE,18,25,956.9992396074011,942.0373808058682,0.4769356396257173,0.5230643603742827,2026-09-27T20:27:52.622843-04:00
2026-09-27,12,2026_12_BAL_HOU,2026-11-29,13:00,BAL,HOU,11,14,1043.670082494235,1024.388923234376,0.48314162517191783,0.5168583748280822,2026-09-27T20:27:52.622843-04:00
2026-09-27,12,2026_12_NYG_IND,2026-11-29,13:00,NYG,IND,20,22,947.3857462044239,945.9558072055147,0.4575477147816136,0.5424522852183864,2026-09-27T20:27:52.622843-04:00
2026-09-27,12,2026_12_NYJ_MIA,2026-11-29,13:00,NYJ,MIA,31,30,875.2916687854544,876.9621871193999,0.45312143418613315,0.5468785658138668,2026-09-27T20:27:52.622843-04:00
2026-09-27,12,2026_12_ATL_MIN,2026-11-29,13:00,ATL,MIN,17,4,960.7552577966071,1115.021012160439,0.2560739412708416,0.7439260587291584,2026-09-27T20:27:52.622843-04:00
2026-09-27,12,2026_12_TEN_JAX,2026-11-29,16:05,TEN,JAX,32,5,807.4200601194373,1105.3312654441177,0.13086125926563463,0.8691387407343654,2026-09-27T20:27:52.622843-04:00
2026-09-27,12,2026_12_WAS_ARI,2026-11-29,16:25,WAS,ARI,24,29,944.1246804809444,913.9013337606674,0.4988823079464896,0.5011176920535104,2026-09-27T20:27:52.622843-04:00
2026-09-27,12,2026_12_SEA_SF,2026-11-29,16:25,SEA,SF,1,3,1182.1944711040373,1119.9860005104133,0.544792194630517,0.45520780536948297,2026-09-27T20:27:52.622843-04:00
2026-09-27,12,2026_12_NE_LAC,2026-11-29,20:20,NE,LAC,8,27,1074.003331416858,926.5180469040743,0.6616247799144339,0.33837522008556603,2026-09-27T20:27:52.622843-04:00
2026-09-27,12,2026_12_CAR_TB,2026-11-30,20:15,CAR,TB,26,28,935.7782730516828,917.028923776802,0.4823771991793514,0.5176228008206486,2026-09-27T20:27:52.622843-04:00
2026-09-27,13,2026_13_KC_LA,2026-12-03,20:15,KC,LA,10,7,1045.8335049931816,1083.1399646631057,0.40294634021797904,0.597053659782021,2026-09-27T20:27:52.622843-04:00
2026-09-27,13,2026_13_DET_ATL,2026-12-06,13:00,DET,ATL,12,17,1038.1834942277958,960.7552577966071,0.5664207082426138,0.43357929175738613,2026-09-27T20:27:52.622843-04:00
2026-09-27,13,2026_13_JAX_CHI,2026-12-06,13:00,JAX,CHI,5,13,1105.3312654441177,1036.0445541542708,0.5548770512733938,0.4451229487266062,2026-09-27T20:27:52.622843-04:00
2026-09-27,13,2026_13_CIN_CLE,2026-12-06,13:00,CIN,CLE,15,25,1021.3269496173086,942.0373808058682,0.5690502142338503,0.4309497857661497,2026-09-27T20:27:52.622843-04:00
2026-09-27,13,2026_13_GB_NO,2026-12-06,13:00,GB,NO,19,23,952.6547327626538,944.5136707954782,0.467150728974284,0.532849271025716,2026-09-27T20:27:52.622843-04:00
2026-09-27,13,2026_13_SF_NYG,2026-12-06,13:00,SF,NYG,3,20,1119.9860005104133,947.3857462044239,0.6931987448989496,0.30680125510105033,2026-09-27T20:27:52.622843-04:00
2026-09-27,13,2026_13_LAC_TB,2026-12-06,13:00,LAC,TB,27,28,926.5180469040743,917.028923776802,0.4690828540706711,0.5309171459293289,2026-09-27T20:27:52.622843-04:00
2026-09-27,13,2026_13_WAS_TEN,2026-12-06,13:00,WAS,TEN,24,32,944.1246804809444,807.4200601194373,0.6475950659971899,0.3524049340028102,2026-09-27T20:27:52.622843-04:00
2026-09-27,13,2026_13_PHI_ARI,2026-12-06,16:05,PHI,ARI,9,29,1068.655811248412,913.9013337606674,0.6709286139465496,0.3290713860534504,2026-09-27T20:27:52.622843-04:00
2026-09-27,13,2026_13_MIA_DEN,2026-12-06,16:05,MIA,DEN,30,6,876.9621871193999,1083.4782081364854,0.2030641700489041,0.7969358299510959,2026-09-27T20:27:52.622843-04:00
2026-09-27,13,2026_13_CAR_MIN,2026-12-06,16:25,CAR,MIN,26,4,935.7782730516828,1115.021012160439,0.22965602454325207,0.7703439754567479,2026-09-27T20:27:52.622843-04:00
2026-09-27,13,2026_13_BUF_NE,2026-12-06,16:25,BUF,NE,2,8,1152.225774413047,1074.003331416858,0.5675431510175168,0.43245684898248316,2026-09-27T20:27:52.622843-04:00
2026-09-27,13,2026_13_HOU_PIT,2026-12-06,20:20,HOU,PIT,14,16,1024.388923234376,1019.2819424384705,0.4628057851165065,0.5371942148834935,2026-09-27T20:27:52.622843-04:00
2026-09-27,13,2026_13_DAL_SEA,2026-12-07,20:15,DAL,SEA,21,1,946.8090765089391,1182.1944711040373,0.17749128102102096,0.822508718978979,2026-09-27T20:27:52.622843-04:00
2026-09-27,14,2026_14_MIN_NE,2026-12-10,20:15,MIN,NE,4,8,1115.021012160439,1074.003331416858,0.5144126076968767,0.48558739230312326,2026-09-27T20:27:52.622843-04:00
2026-09-27,14,2026_14_TB_BAL,2026-12-13,13:00,TB,BAL,28,11,917.028923776802,1043.670082494235,0.2875208118865794,0.7124791881134206,2026-09-27T20:27:52.622843-04:00
2026-09-27,14,2026_14_NO_CAR,2026-12-13,13:00,NO,CAR,23,26,944.5136707954782,935.7782730516828,0.46800244999496,0.53199755000504,2026-09-27T20:27:52.622843-04:00
2026-09-27,14,2026_14_ATL_CLE,2026-12-13,13:00,ATL,CLE,17,25,960.7552577966071,942.0373808058682,0.482331963330625,0.517668036669375,2026-09-27T20:27:52.622843-04:00
2026-09-27,14,2026_14_TEN_DET,2026-12-13,13:00,TEN,DET,32,12,807.4200601194373,1038.1834942277958,0.1814088464338156,0.8185911535661844,2026-09-27T20:27:52.622843-04:00
2026-09-27,14,2026_14_CHI_MIA,2026-12-13,13:00,CHI,MIA,13,30,1036.0445541542708,876.9621871193999,0.6764054590688529,0.3235945409311471,2026-09-27T20:27:52.622843-04:00
2026-09-27,14,2026_14_DEN_NYJ,2026-12-13,13:00,DEN,NYJ,6,31,1083.4782081364854,875.2916687854544,0.7349663098102164,0.26503369018978357,2026-09-27T20:27:52.622843-04:00
2026-09-27,14,2026_14_IND_PHI,2026-12-13,13:00,IND,PHI,22,9,945.9558072055147,1068.655811248412,0.2921906360071099,0.7078093639928901,2026-09-27T20:27:52.622843-04:00
2026-09-27,14,2026_14_HOU_WAS,2026-12-13,13:00,HOU,WAS,14,24,1024.388923234376,944.1246804809444,0.5704255950203779,0.42957440497962207,2026-09-27T20:27:52.622843-04:00
2026-09-27,14,2026_14_LAC_LV,2026-12-13,16:05,LAC,LV,27,18,926.5180469040743,956.9992396074011,0.41243356201257286,0.5875664379874271,2026-09-27T20:27:52.622843-04:00
2026-09-27,14,2026_14_KC_CIN,2026-12-13,16:25,KC,CIN,10,15,1045.8335049931816,1021.3269496173086,0.49065626990801225,0.5093437300919877,2026-09-27T20:27:52.622843-04:00
2026-09-27,14,2026_14_NYG_SEA,2026-12-13,16:25,NYG,SEA,20,1,947.3857462044239,1182.1944711040373,0.17797641887572513,0.8220235811242749,2026-09-27T20:27:52.622843-04:00
2026-09-27,14,2026_14_LA_SF,2026-12-13,16:25,LA,SF,7,3,1083.1399646631057,1119.9860005104133,0.40358414172138757,0.5964158582786124,2026-09-27T20:27:52.622843-04:00
2026-09-27,14,2026_14_BUF_GB,2026-12-13,20:20,BUF,GB,2,19,1152.225774413047,952.6547327626538,0.725193822223589,0.27480617777641103,2026-09-27T20:27:52.622843-04:00
2026-09-27,14,2026_14_PIT_JAX,2026-12-14,20:15,PIT,JAX,16,5,1019.2819424384705,1105.3312654441177,0.33764870183822615,0.6623512981617738,2026-09-27T20:27:52.622843-04:00
2026-09-27,15,2026_15_SF_LAC,2026-12-17,20:15,SF,LAC,3,27,1119.9860005104133,926.5180469040743,0.7181373033814722,0.28186269661852775,2026-09-27T20:27:52.622843-04:00
2026-09-27,15,2026_15_SEA_PHI,2026-12-19,17:00,SEA,PHI,1,9,1182.1944711040373,1068.655811248412,0.6165974077292518,0.3834025922707483,2026-09-27T20:27:52.622843-04:00
2026-09-27,15,2026_15_CHI_BUF,2026-12-19,20:20,CHI,BUF,13,2,1036.0445541542708,1152.225774413047,0.30001147684507523,0.6999885231549248,2026-09-27T20:27:52.622843-04:00
2026-09-27,15,2026_15_CIN_CAR,2026-12-20,13:00,CIN,CAR,15,26,1021.3269496173086,935.7782730516828,0.5778631252131117,0.42213687478688827,2026-09-27T20:27:52.622843-04:00
2026-09-27,15,2026_15_MIA_GB,2026-12-20,13:00,MIA,GB,30,19,876.9621871193999,952.6547327626538,0.35110817354352597,0.648891826456474,2026-09-27T20:27:52.622843-04:00
2026-09-27,15,2026_15_JAX_HOU,2026-12-20,13:00,JAX,HOU,5,14,1105.3312654441177,1024.388923234376,0.571381834281808,0.42861816571819195,2026-09-27T20:27:52.622843-04:00
2026-09-27,15,2026_15_CLE_NYG,2026-12-20,13:00,CLE,NYG,25,20,942.0373808058682,947.3857462044239,0.4478805103338239,0.5521194896661761,2026-09-27T20:27:52.622843-04:00
2026-09-27,15,2026_15_BAL_PIT,2026-12-20,13:00,BAL,PIT,11,16,1043.670082494235,1019.2819424384705,0.49048591716727385,0.5095140828327261,2026-09-27T20:27:52.622843-04:00
2026-09-27,15,2026_15_NO_TB,2026-12-20,13:00,NO,TB,23,28,944.5136707954782,917.028923776802,0.494941316919158,0.505058683080842,2026-09-27T20:27:52.622843-04:00
2026-09-27,15,2026_15_IND_TEN,2026-12-20,13:00,IND,TEN,22,32,945.9558072055147,807.4200601194373,0.6499968859974317,0.3500031140025684,2026-09-27T20:27:52.622843-04:00
2026-09-27,15,2026_15_ATL_WAS,2026-12-20,13:00,ATL,WAS,17,24,960.7552577966071,944.1246804809444,0.47933252121046066,0.5206674787895393,2026-09-27T20:27:52.622843-04:00
2026-09-27,15,2026_15_NYJ_ARI,2026-12-20,16:05,NYJ,ARI,31,29,875.2916687854544,913.9013337606674,0.4011428616121865,0.5988571383878135,2026-09-27T20:27:52.622843-04:00
2026-09-27,15,2026_15_DAL_LA,2026-12-20,16:25,DAL,LA,21,7,946.8090765089391,1083.1399646631057,0.27623115731539627,0.7237688426846037,2026-09-27T20:27:52.622843-04:00
2026-09-27,15,2026_15_DEN_LV,2026-12-20,16:25,DEN,LV,6,18,1083.4782081364854,956.9992396074011,0.6340476844336607,0.3659523155663394,2026-09-27T20:27:52.622843-04:00
2026-09-27,15,2026_15_DET_MIN,2026-12-20,20:20,DET,MIN,12,4,1038.1834942277958,1115.021012160439,0.34960801775337835,0.6503919822466216,2026-09-27T20:27:52.622843-04:00
2026-09-27,15,2026_15_NE_KC,2026-12-21,20:15,NE,KC,8,10,1074.003331416858,1045.8335049931816,0.49592714290557716,0.5040728570944228,2026-09-27T20:27:52.622843-04:00
2026-09-27,16,2026_16_HOU_PHI,2026-12-24,20:15,HOU,PHI,14,9,1024.388923234376,1068.655811248412,0.39334550952042513,0.6066544904795749,2026-09-27T20:27:52.622843-04:00
2026-09-27,16,2026_16_GB_CHI,2026-12-25,13:00,GB,CHI,19,13,952.6547327626538,1036.0445541542708,0.3410809739056059,0.6589190260943941,2026-09-27T20:27:52.622843-04:00
2026-09-27,16,2026_16_BUF_DEN,2026-12-25,16:30,BUF,DEN,2,6,1152.225774413047,1083.4782081364854,0.5541103756354591,0.445889624364541,2026-09-27T20:27:52.622843-04:00
2026-09-27,16,2026_16_LA_SEA,2026-12-25,20:15,LA,SEA,7,1,1083.1399646631057,1182.1944711040373,0.3211146757371135,0.6788853242628865,2026-09-27T20:27:52.622843-04:00
2026-09-27,16,2026_16_TB_ATL,2026-12-27,13:00,TB,ATL,28,17,917.028923776802,960.7552577966071,0.3940882792492222,0.6059117207507778,2026-09-27T20:27:52.622843-04:00
2026-09-27,16,2026_16_CLE_BAL,2026-12-27,13:00,CLE,BAL,25,11,942.0373808058682,1043.670082494235,0.3178879009868625,0.6821120990131375,2026-09-27T20:27:52.622843-04:00
2026-09-27,16,2026_16_CIN_IND,2026-12-27,13:00,CIN,IND,15,22,1021.3269496173086,945.9558072055147,0.563510298517139,0.43648970148286104,2026-09-27T20:27:52.622843-04:00
2026-09-27,16,2026_16_LAC_MIA,2026-12-27,13:00,LAC,MIA,27,30,926.5180469040743,876.9621871193999,0.5266786673919428,0.47332133260805714,2026-09-27T20:27:52.622843-04:00
2026-09-27,16,2026_16_WAS_MIN,2026-12-27,13:00,WAS,MIN,24,4,944.1246804809444,1115.021012160439,0.2382661828769892,0.7617338171230108,2026-09-27T20:27:52.622843-04:00
2026-09-27,16,2026_16_ARI_NO,2026-12-27,13:00,ARI,NO,29,23,913.9013337606674,944.5136707954782,0.4122506309439161,0.5877493690560839,2026-09-27T20:27:52.622843-04:00
2026-09-27,16,2026_16_NE_NYJ,2026-12-27,13:00,NE,NYJ,8,31,1074.003331416858,875.2916687854544,0.7242068515885417,0.2757931484114583,2026-09-27T20:27:52.622843-04:00
2026-09-27,16,2026_16_CAR_PIT,2026-12-27,13:00,CAR,PIT,26,16,935.7782730516828,1019.2819424384705,0.3409337001431274,0.6590662998568726,2026-09-27T20:27:52.622843-04:00
2026-09-27,16,2026_16_TEN_LV,2026-12-27,16:05,TEN,LV,32,18,807.4200601194373,956.9992396074011,0.26124699858746736,0.7387530014125326,2026-09-27T20:27:52.622843-04:00
2026-09-27,16,2026_16_SF_KC,2026-12-27,16:25,SF,KC,3,10,1119.9860005104133,1045.8335049931816,0.5617840584395255,0.43821594156047455,2026-09-27T20:27:52.622843-04:00
2026-09-27,16,2026_16_JAX_DAL,2026-12-27,20:20,JAX,DAL,5,21,1105.3312654441177,946.8090765089391,0.6756992442055203,0.32430075579447976,2026-09-27T20:27:52.622843-04:00
2026-09-27,16,2026_16_NYG_DET,2026-12-28,20:15,NYG,DET,20,12,947.3857462044239,1038.1834942277958,0.3315630259411684,0.6684369740588316,2026-09-27T20:27:52.622843-04:00
2026-09-27,17,2026_17_BAL_CIN,2026-12-31,20:15,BAL,CIN,11,15,1043.670082494235,1021.3269496173086,0.48754434426598103,0.512455655734019,2026-09-27T20:27:52.622843-04:00
2026-09-27,17,2026_17_NO_ATL,2027-01-03,13:00,NO,ATL,23,17,944.5136707954782,960.7552577966071,0.43242980149498944,0.5675701985050106,2026-09-27T20:27:52.622843-04:00
2026-09-27,17,2026_17_SEA_CAR,2027-01-03,13:00,SEA,CAR,1,26,1182.1944711040373,935.7782730516828,0.7755701614810083,0.22442983851899165,2026-09-27T20:27:52.622843-04:00
2026-09-27,17,2026_17_IND_CLE,2027-01-03,13:00,IND,CLE,22,25,945.9558072055147,942.0373808058682,0.46110522234162743,0.5388947776583726,2026-09-27T20:27:52.622843-04:00
2026-09-27,17,2026_17_NYG_DAL,2027-01-03,13:00,NYG,DAL,20,21,947.3857462044239,946.8090765089391,0.45632887019845514,0.5436711298015449,2026-09-27T20:27:52.622843-04:00
2026-09-27,17,2026_17_WAS_JAX,2027-01-03,13:00,WAS,JAX,24,5,944.1246804809444,1105.3312654441177,0.2485370377315278,0.7514629622684722,2026-09-27T20:27:52.622843-04:00
2026-09-27,17,2026_17_KC_LAC,2027-01-03,13:00,KC,LAC,10,27,1045.8335049931816,926.5180469040743,0.6244277208469087,0.3755722791530913,2026-09-27T20:27:52.622843-04:00
2026-09-27,17,2026_17_BUF_MIA,2027-01-03,13:00,BUF,MIA,2,30,1152.225774413047,876.9621871193999,0.8031491713242377,0.19685082867576228,2026-09-27T20:27:52.622843-04:00
2026-09-27,17,2026_17_DEN_NE,2027-01-03,13:00,DEN,NE,6,8,1083.4782081364854,1074.003331416858,0.469062430283651,0.530937569716349,2026-09-27T20:27:52.622843-04:00
2026-09-27,17,2026_17_MIN_NYJ,2027-01-03,13:00,MIN,NYJ,4,31,1115.021012160439,875.2916687854544,0.7687991051259702,0.2312008948740299,2026-09-27T20:27:52.622843-04:00
2026-09-27,17,2026_17_LA_TB,2027-01-03,13:00,LA,TB,7,28,1083.1399646631057,917.028923776802,0.6851975025447725,0.31480249745522754,2026-09-27T20:27:52.622843-04:00
2026-09-27,17,2026_17_PIT_TEN,2027-01-03,13:00,PIT,TEN,16,32,1019.2819424384705,807.4200601194373,0.7390669565684242,0.2609330434315758,2026-09-27T20:27:52.622843-04:00
2026-09-27,17,2026_17_LV_ARI,2027-01-03,16:05,LV,ARI,18,29,956.9992396074011,913.9013337606674,0.5174032529517402,0.48259674704825983,2026-09-27T20:27:52.622843-04:00
2026-09-27,17,2026_17_DET_CHI,2027-01-03,16:25,DET,CHI,12,13,1038.1834942277958,1036.0445541542708,0.4585608681085682,0.5414391318914318,2026-09-27T20:27:52.622843-04:00
2026-09-27,17,2026_17_PHI_SF,2027-01-03,20:20,PHI,SF,9,3,1068.655811248412,1119.9860005104133,0.38368633056911117,0.6163136694308888,2026-09-27T20:27:52.622843-04:00
2026-09-27,17,2026_17_HOU_GB,2027-01-04,20:15,HOU,GB,14,19,1024.388923234376,952.6547327626538,0.5583540827970682,0.4416459172029318,2026-09-27T20:27:52.622843-04:00
2026-09-27,18,2026_18_SF_ARI,2027-01-10,13:00,SF,ARI,3,29,1119.9860005104133,913.9013337606674,0.7326027765399106,0.2673972234600894,2026-09-27T20:27:52.622843-04:00
2026-09-27,18,2026_18_PIT_BAL,2027-01-10,13:00,PIT,BAL,16,11,1019.2819424384705,1043.670082494235,0.4209585322368221,0.5790414677631779,2026-09-27T20:27:52.622843-04:00
2026-09-27,18,2026_18_NYJ_BUF,2027-01-10,13:00,NYJ,BUF,31,2,875.2916687854544,1152.225774413047,0.14521790080920094,0.8547820991907991,2026-09-27T20:27:52.622843-04:00
2026-09-27,18,2026_18_ATL_CAR,2027-01-10,13:00,ATL,CAR,17,26,960.7552577966071,935.7782730516828,0.49133305247826464,0.5086669475217354,2026-09-27T20:27:52.622843-04:00
2026-09-27,18,2026_18_CLE_CIN,2027-01-10,13:00,CLE,CIN,25,15,942.0373808058682,1021.3269496173086,0.3464053373870224,0.6535946626129776,2026-09-27T20:27:52.622843-04:00
2026-09-27,18,2026_18_LAC_DEN,2027-01-10,13:00,LAC,DEN,27,6,926.5180469040743,1083.4782081364854,0.2531304322671004,0.7468695677328996,2026-09-27T20:27:52.622843-04:00
2026-09-27,18,2026_18_DET_GB,2027-01-10,13:00,DET,GB,12,19,1038.1834942277958,952.6547327626538,0.5778351598573758,0.42216484014262423,2026-09-27T20:27:52.622843-04:00
2026-09-27,18,2026_18_TEN_HOU,2027-01-10,13:00,TEN,HOU,32,14,807.4200601194373,1024.388923234376,0.19350044722407256,0.8064995527759274,2026-09-27T20:27:52.622843-04:00
2026-09-27,18,2026_18_JAX_IND,2027-01-10,13:00,JAX,IND,5,22,1105.3312654441177,945.9558072055147,0.6767746384448228,0.3232253615551773,2026-09-27T20:27:52.622843-04:00
2026-09-27,18,2026_18_LV_KC,2027-01-10,13:00,LV,KC,18,10,956.9992396074011,1045.8335049931816,0.334072786471837,0.665927213528163,2026-09-27T20:27:52.622843-04:00
2026-09-27,18,2026_18_SEA_LA,2027-01-10,13:00,SEA,LA,1,7,1182.1944711040373,1083.1399646631057,0.5967046824107016,0.4032953175892983,2026-09-27T20:27:52.622843-04:00
2026-09-27,18,2026_18_CHI_MIN,2027-01-10,13:00,CHI,MIN,13,4,1036.0445541542708,1115.021012160439,0.34681353170386686,0.6531864682961331,2026-09-27T20:27:52.622843-04:00
2026-09-27,18,2026_18_MIA_NE,2027-01-10,13:00,MIA,NE,30,8,876.9621871193999,1074.003331416858,0.2120336581511758,0.7879663418488242,2026-09-27T20:27:52.622843-04:00
2026-09-27,18,2026_18_TB_NO,2027-01-10,13:00,TB,NO,28,23,917.028923776802,944.5136707954782,0.4166197504050303,0.5833802495949697,2026-09-27T20:27:52.622843-04:00
2026-09-27,18,2026_18_PHI_NYG,2027-01-10,13:00,PHI,NYG,9,20,1068.655811248412,947.3857462044239,0.6270627090386711,0.37293729096132894,2026-09-27T20:27:52.622843-04:00
2026-09-27,18,2026_18_DAL_WAS,2027-01-10,13:00,DAL,WAS,21,24,946.8090765089391,944.1246804809444,0.45934055129859397,0.540659448701406,2026-09-27T20:27:52.622843-04:00
