as_of_date,week,game_id,gameday,gametime,away_team,home_team,away_rank,home_rank,away_elo,home_elo,p_away,p_home,outcome
2026-10-08,5,2026_05_TB_DAL,2026-10-08,20:15,TB,DAL,28,19,901.833588701932,972.4947814615605,0.3577349160940093,0.6422650839059907,TB
2026-10-10,5,2026_05_PHI_JAX,2026-10-11,09:30,PHI,JAX,12,4,1017.3803577259878,1122.803529626001,0.3131755343943172,0.6868244656056828,TBD
2026-10-10,5,2026_05_CHI_GB,2026-10-11,13:00,CHI,GB,8,20,1080.7675650237281,967.5190254112042,0.6162025188122184,0.38379748118778156,TBD
2026-10-10,5,2026_05_CIN_MIA,2026-10-11,13:00,CIN,MIA,14,30,1005.0488587540917,870.8830898126656,0.6442525879433572,0.35574741205664284,TBD
2026-10-10,5,2026_05_CLE_NYJ,2026-10-11,13:00,CLE,NYJ,22,31,960.2275044069585,864.7641478427337,0.5917201384740783,0.40827986152592166,TBD
2026-10-10,5,2026_05_HOU_TEN,2026-10-11,13:00,HOU,TEN,16,32,1000.1602847540167,800.7074131017265,0.7250582377280552,0.2749417622719447,TBD
2026-10-10,5,2026_05_IND_PIT,2026-10-11,13:00,IND,PIT,18,15,978.3726312194475,1001.9623586600709,0.4220792315452804,0.5779207684547196,TBD
2026-10-10,5,2026_05_LV_NE,2026-10-11,13:00,LV,NE,23,6,944.5587090107715,1096.5926532817116,0.25852901889747526,0.7414709811025247,TBD
2026-10-10,5,2026_05_MIN_NO,2026-10-11,13:00,MIN,NO,5,28,1120.442344692766,908.4454694317601,0.7392167866202366,0.26078321337976335,TBD
2026-10-10,5,2026_05_NYG_WAS,2026-10-11,13:00,NYG,WAS,19,27,970.0152825184545,911.7608345236343,0.539142048860307,0.46085795113969297,TBD
2026-10-10,5,2026_05_DEN_LAC,2026-10-11,16:05,DEN,LAC,9,26,1077.1203636763166,920.1585829396047,0.6737278279288658,0.32627217207113424,TBD
2026-10-10,5,2026_05_DET_ARI,2026-10-11,16:25,DET,ARI,13,29,1011.2022696694647,891.0724210232096,0.6255264991582365,0.3744735008417634,TBD
2026-10-10,5,2026_05_SF_SEA,2026-10-11,16:25,SF,SEA,2,1,1139.20893496125,1187.0459255840835,0.38845238936483173,0.6115476106351683,TBD
2026-10-10,5,2026_05_BAL_ATL,2026-10-11,20:20,BAL,ATL,11,17,1049.0798893109086,996.2681293089994,0.5313484727660738,0.46865152723392617,TBD
2026-10-10,5,2026_05_BUF_LA,2026-10-12,20:15,BUF,LA,3,7,1131.2661407453554,1087.317453198596,0.5186260362549422,0.48137396374505775,TBD
